customer_id,first_name,last_name,email,street,city,state,country
0,Natalie,Stone,sydney87@example.com,56149 Gutierrez Throughway,Kevinville,Maryland,Kyrgyz Republic
1,Garrett,George,xbruce@example.org,420 Rebecca Pike,New Ashley,Utah,Jamaica
2,Samuel,Robinson,katrina02@example.org,5041 Richard Harbors,Laurenmouth,Alaska,Aruba
3,Samantha,Daugherty,joel30@example.net,9592 Jackson Field Apt. 815,South Glennland,Louisiana,Nepal
4,Tina,Miller,jonathan20@example.org,82368 Lee Trail,Davistown,Arizona,Oman
5,Kenneth,Strickland,lsmith@example.com,476 Sparks Park Suite 873,Brittanyland,Michigan,Belgium
6,Mary,Coleman,bruce43@example.net,55097 Andrew Underpass,Marshbury,Arizona,British Indian Ocean Territory (Chagos Archipelago)
7,Joshua,Benitez,william82@example.net,92178 Deborah Landing Suite 384,Kimberlyville,Iowa,Saint Pierre and Miquelon
8,Troy,Kramer,lisa55@example.net,63291 Ramirez Point,Lake Wendy,Mississippi,Australia
9,Catherine,Wells,gerald26@example.org,416 Ernest Creek Suite 149,Lake Douglas,North Carolina,Namibia
10,Alicia,Contreras,david22@example.com,691 Thomas Harbor,Christopherton,Wisconsin,Kyrgyz Republic
11,Brianna,Chambers,gregoryrichard@example.com,04980 Megan Ridge,Mooreborough,North Dakota,Mali
12,Katherine,Williams,blake94@example.net,473 Sullivan River,South Ashleyborough,North Carolina,Botswana
13,Jennifer,Hawkins,marquezcynthia@example.org,64755 Jones Parkway Suite 593,West Katelynchester,Mississippi,India
14,Joel,Scott,andrew65@example.org,15647 Roberts Streets Apt. 981,North Angelaton,New York,Tokelau
15,Chad,Wilson,jonathan07@example.org,281 Teresa Cliff,Port Sheilaberg,Virginia,Cayman Islands
16,Sean,Rodriguez,jocruz@example.com,0884 Walsh Forge Apt. 184,South Tammieshire,Michigan,Vanuatu
17,Cody,Gilbert,kramerlinda@example.com,913 Jose Cliff Apt. 591,South Katherine,New Mexico,Cocos (Keeling) Islands
18,Michael,Harris,walter51@example.com,6512 Johnson Extensions Apt. 352,Davidton,Connecticut,Suriname
19,Erin,Compton,afoster@example.net,8763 Moon Parkways,Collinsside,Ohio,Trinidad and Tobago
20,Michael,Long,wramirez@example.org,54411 Walters Mews Apt. 914,Matthewsville,Washington,Hungary
21,Brett,Medina,jennifer93@example.org,39038 Knight Port Apt. 312,Knightmouth,Illinois,Dominica
22,Lisa,Barnes,proctorscott@example.com,3377 Alexander Roads Suite 415,East Andreaville,Virginia,French Southern Territories
23,Ricky,Paul,solisdon@example.org,263 Katherine Spurs,West Brittany,New York,British Indian Ocean Territory (Chagos Archipelago)
24,Amanda,Martin,brodriguez@example.org,4618 Richard Oval,Jamestown,North Dakota,Chile
25,Joseph,Robinson,qrodriguez@example.com,907 Walker Throughway Suite 874,East Rachel,South Carolina,Mayotte
26,Jessica,Nelson,markmartin@example.org,67063 Jeanne Overpass,North Michael,Indiana,Pitcairn Islands
27,Betty,Coleman,egonzales@example.org,7936 Robles Stravenue,West Kimmouth,West Virginia,Jamaica
28,Michele,Bell,karina18@example.net,2585 Rodriguez Mountain,Ronaldport,Hawaii,Burkina Faso
29,Mike,Hernandez,carl07@example.net,362 Lucero Court Suite 804,New Candice,Mississippi,Central African Republic
30,Charles,Pace,tgarcia@example.org,786 Kathryn Circle,Kaylabury,Missouri,Canada
31,Melinda,Holmes,kblevins@example.org,85703 Jonathan Stream Apt. 166,Barbaraport,Louisiana,Saint Lucia
32,Jon,Woods,pauljenny@example.com,12448 Julia Burg Suite 566,Andrewhaven,Nevada,Falkland Islands (Malvinas)
33,Robert,Baldwin,rickycoffey@example.net,4738 Jason Falls,New Stanleyfurt,Mississippi,Isle of Man
34,Jamie,Anderson,simpsonpatricia@example.com,7664 Perkins Gateway,South Barbara,Florida,Finland
35,Eric,Pacheco,douglas79@example.com,2284 Ricardo Corners,East Peterborough,Tennessee,Maldives
36,Christopher,Andrews,tfitzpatrick@example.com,375 Christian Streets,North Bailey,North Dakota,Svalbard & Jan Mayen Islands
37,Paula,Russell,rcole@example.net,46480 Diane Bridge Apt. 698,Jamesstad,Alabama,Norfolk Island
38,Michael,Cox,martinalicia@example.com,2068 Hawkins Fort Suite 974,Lake Bonnie,Utah,Saint Martin
39,Damon,Hill,sheena41@example.com,353 Morgan Fort Suite 551,East Michaelfort,Nebraska,Suriname
40,Julie,Parsons,anthony29@example.net,9238 Burke Inlet,North Andrewfurt,New York,Austria
41,Natalie,Garcia,brownangela@example.com,9677 Thomas Glens,East Sharon,Georgia,Egypt
42,Emily,Payne,manuel98@example.org,3897 Sarah Circle Apt. 905,Lake Victoriaberg,Utah,Malaysia
43,Sarah,Cohen,pgarrett@example.com,912 Herrera Street,Hardyton,Alabama,Malta
44,Arthur,Pitts,wongamy@example.com,49845 Alexis Tunnel Apt. 956,North Aaron,Virginia,Vanuatu
45,Steven,Rose,kimberlyblack@example.com,73997 Williams Via Apt. 504,Lake Paulfort,Virginia,Guyana
46,Joann,Duarte,brendabutler@example.com,5003 Watkins Island Apt. 678,Walkermouth,New Hampshire,South Africa
47,Brittney,Parsons,kmiller@example.net,4460 Huynh Summit,Mcdowellberg,Iowa,Congo
48,Mary,Montgomery,jennyshields@example.com,17705 Mark Lock Suite 053,New Ethan,Alabama,Belize
49,Benjamin,Diaz,jessica38@example.com,719 Jonathan Fort Suite 857,Lake Elizabethton,New Jersey,Uzbekistan
50,Mary,Jordan,jonathanyoung@example.com,377 Miller Place,North Johnmouth,Washington,Greece
51,Tyler,Gonzalez,perryclaudia@example.com,065 Corey Mills,North Dennisside,Colorado,Bolivia
52,Jerry,Burton,andrea30@example.org,25969 Salazar Burgs Apt. 212,Frankstad,Washington,Saint Lucia
53,Jeremy,Santiago,treynolds@example.net,5298 White Islands Apt. 075,East Michelle,Mississippi,Saint Barthelemy
54,Kenneth,Stewart,martincharles@example.org,92733 Fisher Hills,Wallacemouth,Wisconsin,Cocos (Keeling) Islands
55,Nathaniel,Wilson,adamsims@example.org,5008 Morgan Lock,New Hannah,Maryland,Madagascar
56,Kimberly,Fleming,joneill@example.net,512 John Forks Apt. 888,South Toni,Nebraska,Madagascar
57,David,Brooks,robertdyer@example.org,694 Sullivan Lodge Apt. 650,Port Michelle,Virginia,Madagascar
58,David,Davis,hsanders@example.net,16054 Griffin Court Apt. 094,Lake Alex,Utah,United States Virgin Islands
59,Matthew,Tucker,stevenfoster@example.net,2721 Taylor Meadows,Pearsonberg,Idaho,Comoros
60,Amber,Cummings,anthony51@example.org,604 Keith Extensions Apt. 859,Danielport,Michigan,Senegal
61,Shannon,Dominguez,tina60@example.org,12729 Meyer Parkways Apt. 911,Jonesshire,Nebraska,Korea
62,Jonathan,Anderson,kevin89@example.net,038 Bobby Bridge,Brandonstad,Virginia,Singapore
63,Wesley,Larsen,bhull@example.com,8865 Jonathon Mall Suite 152,Friedmanburgh,Florida,Portugal
64,Jose,Hogan,angela10@example.org,14162 Charles Lock Suite 213,Floresview,South Dakota,Cocos (Keeling) Islands
65,Robert,Guerra,kaylaherrera@example.org,867 Barrett Fork Apt. 086,Davisport,Missouri,Tunisia
66,Abigail,White,nicholasmoreno@example.com,7338 Aaron Valley Suite 304,Andrewport,Montana,Nicaragua
67,Maria,Richardson,kristin86@example.net,585 Valencia Well Apt. 666,West Marcusland,New Jersey,Palau
68,Jasmine,Anderson,colleenschwartz@example.org,3011 Brooks Junctions Suite 477,Bakerview,Louisiana,Malaysia
69,Kristin,Johnson,hclark@example.net,6029 James Rue Suite 203,Isaachaven,Massachusetts,Holy See (Vatican City State)
70,Robert,Turner,thompsonchristopher@example.com,82054 Zimmerman Tunnel,Villegasview,Idaho,Papua New Guinea
71,Ryan,Cox,whitekevin@example.net,63846 Christopher Trail,New Jennifershire,Connecticut,Bahamas
72,Michelle,Matthews,shortrobert@example.net,881 Austin Ville Apt. 453,South Corey,Utah,Seychelles
73,Natalie,Munoz,jmorgan@example.org,94673 Sean Circle,Christinaville,Nebraska,Sierra Leone
74,Lori,Williams,vanessanelson@example.net,953 David Inlet,Christensenview,Virginia,Tonga
75,Matthew,Holmes,sarah30@example.com,56638 Jose Inlet,Cindymouth,Pennsylvania,Holy See (Vatican City State)
76,Robert,Johnson,zcalderon@example.net,70383 Richards Harbor Suite 290,Jimmychester,Hawaii,Australia
77,Travis,Reilly,wtaylor@example.org,5029 Gordon Station Suite 760,South Megan,Oregon,Saint Barthelemy
78,Robert,Nguyen,garrisonjuan@example.net,3857 Edward Plains,West Emilymouth,Oregon,Korea
79,Amy,Gonzalez,cunninghamashley@example.net,8966 Collins Grove,South Rebeccaburgh,South Dakota,Serbia
80,Steven,Sims,burnsgabrielle@example.com,466 Gonzalez Fields,West Russellborough,Nebraska,Eritrea
81,Andrea,Hernandez,boltonbrian@example.com,2427 Kathryn Field Apt. 565,Nicolemouth,Kansas,Sierra Leone
82,Peter,Garcia,elijah97@example.com,236 Julie Manors,Ruthchester,Ohio,Australia
83,Teresa,Wilson,oscar79@example.org,899 Mills Stravenue,East Kendra,New York,Pitcairn Islands
84,Mark,Anderson,sarakaufman@example.org,49720 Jesse Mill,North Davidburgh,Louisiana,Turkmenistan
85,Robert,Nguyen,cynthiarivers@example.com,66842 Ferguson Pines Apt. 559,Perezview,Wyoming,Rwanda
86,Amber,Page,ajones@example.org,4410 Evan Expressway,East Phillipbury,Delaware,Singapore
87,Christopher,Haynes,matthewfranklin@example.org,36653 Elizabeth Expressway,South Connorbury,Missouri,Namibia
88,Christy,Armstrong,deanjennifer@example.org,063 Joe Villages,Lake Melissa,Texas,Sao Tome and Principe
89,Adam,Smith,maryjohnson@example.org,315 Harris Run Apt. 339,Lisaside,New Jersey,British Indian Ocean Territory (Chagos Archipelago)
90,Gloria,Fields,thomaschristopher@example.org,042 Derek Field,South Wendymouth,South Carolina,Albania
91,Thomas,Sanford,michael18@example.org,5131 Brandi Plaza Suite 903,Elijahview,New Hampshire,Aruba
92,Tyler,Roth,bradleyfarrell@example.org,8434 Randall Route Suite 306,West Tammy,Maryland,Kiribati
93,Aaron,Elliott,sheilasherman@example.org,0938 Gates Garden,Port Gabriel,Wyoming,Dominican Republic
94,Anthony,Shaffer,russellandrew@example.org,1037 Claudia Loaf,Jeffreyport,Arkansas,Guernsey
95,Marc,Smith,vsims@example.com,1393 Cruz Dam,Deborahburgh,Virginia,Mauritius
96,Steven,Barnes,amanda19@example.org,8217 Jill Plaza,Nicholasstad,Oklahoma,Cook Islands
97,Jeremy,Ruiz,huntrhonda@example.com,700 Jackson Skyway,Foleyview,New Mexico,Mongolia
98,Shane,Sloan,markcurtis@example.com,59606 Darrell Parkways Suite 103,West Crystalfurt,Tennessee,Niue
99,Teresa,Vaughn,greenjeffrey@example.com,151 Louis Wall Suite 996,Taylorshire,Maryland,Puerto Rico
100,Ian,Strong,robertnelson@example.org,04821 Duncan Street,North Michael,Maryland,Gibraltar
101,Scott,Caldwell,carolinemonroe@example.com,396 Jessica Squares,Lake Arthur,New York,Antigua and Barbuda
102,Victoria,Lester,vgordon@example.net,712 Anthony Skyway,Brandonhaven,Wisconsin,Taiwan
103,Michelle,Fields,jenniferowens@example.org,07950 Natalie Burg Apt. 662,Marymouth,Washington,Albania
104,Christina,Lee,rachel00@example.org,705 Page Valleys Suite 848,East Chelsea,Kentucky,Jamaica
105,Brandy,Garcia,williamsmichael@example.com,91189 Kimberly Stravenue,Thompsonton,Missouri,Montenegro
106,Brittany,Tucker,kevin57@example.com,509 Davis Fall,Lauraview,Maine,Norfolk Island
107,Jaime,Wheeler,jeremy62@example.org,377 Spencer Way Apt. 653,Fosterbury,Rhode Island,Saint Helena
108,Joshua,Maddox,ostout@example.com,19730 Rice Wells,North Suzannebury,Oklahoma,Dominican Republic
109,Anthony,Garcia,emilycollins@example.org,3111 Robinson Field Suite 154,Lake Paulmouth,Kentucky,Benin
110,Charles,Peters,melissaboone@example.net,747 Steven View Apt. 491,North Emilyport,South Dakota,Oman
111,Erika,Brewer,shawnevans@example.com,0215 Billy Light Apt. 797,Wongport,New Hampshire,Honduras
112,Darrell,Green,miranda19@example.org,2255 Gonzales Village Apt. 096,North Kristenview,Missouri,Palestinian Territory
113,Kenneth,Sullivan,gscott@example.org,4378 Franklin Inlet Apt. 357,New Erinberg,Utah,Korea
114,Jennifer,Melton,john79@example.com,924 Katherine Port Apt. 385,Michellebury,Oklahoma,Mayotte
115,Amber,Chambers,jenniferwilliams@example.org,0762 Mejia Land,Port Barbarashire,Georgia,Hungary
116,Perry,Hernandez,wboyle@example.com,2183 Cruz Courts Apt. 547,West Kyle,Idaho,Kiribati
117,Thomas,Kelley,scott71@example.net,0849 Ariel Green,Lewisberg,Oregon,Egypt
118,Jacob,Russell,edward11@example.org,2160 Francisco Junction,North Lawrence,Tennessee,Australia
119,Kayla,Madden,michael12@example.net,826 White Track,West Hannahport,Illinois,Austria
120,Karen,Allen,nicholasblake@example.org,30992 Michael Squares,Johnshire,Wisconsin,Ethiopia
121,Nicole,Daniel,denise69@example.com,5824 Michael Knolls Suite 092,Adamfurt,Michigan,Togo
122,Steven,Smith,aaron30@example.com,911 Matthews Inlet Suite 577,Rachaeltown,Missouri,Singapore
123,Dale,Williams,melinda61@example.net,56102 Haas Causeway,Kathleenville,Colorado,Norway
124,Tammie,Robinson,llopez@example.net,3058 Paul Centers,South Mark,Arkansas,China
125,Jeffrey,Taylor,brandon61@example.org,89555 Cindy Meadows Apt. 768,Rodriguezbury,Arizona,Austria
126,Jason,Young,gleonard@example.org,9923 Campbell Forest,South James,New Jersey,Rwanda
127,Denise,Francis,zwheeler@example.com,9351 Robert Tunnel Apt. 843,Tonyberg,Maryland,French Southern Territories
128,Ryan,Lewis,sherrypruitt@example.org,2428 Smith Mount,Josephfurt,Arizona,Chile
129,Jeffery,Brown,kelly39@example.com,4835 Danielle Walk Apt. 923,Ginatown,Texas,Cape Verde
130,Anthony,Finley,iglenn@example.com,271 Michael Circle Apt. 083,Washingtonhaven,California,Saint Martin
131,Kelsey,Crosby,rnichols@example.org,9694 Anthony Valleys Apt. 960,Walkerstad,New Hampshire,Congo
132,Jermaine,Murillo,kathleenjackson@example.org,07060 Kelly Tunnel,Kristenstad,South Dakota,Poland
133,Brandon,York,hardyangela@example.net,84983 Wayne Cove Suite 977,South Benjamin,Mississippi,Guam
134,Cody,Moss,adamslance@example.org,46529 Rubio Harbors,Trujilloburgh,Louisiana,South Africa
135,Nathan,Castro,heather89@example.net,562 Steven Terrace,Port Barbara,Pennsylvania,Mexico
136,Lynn,Morgan,xmiddleton@example.net,915 Jared Lock,Christophermouth,Arkansas,Tunisia
137,Jennifer,Martinez,jenniferlee@example.net,2807 Yesenia Isle Apt. 929,Robinsonmouth,Kansas,Haiti
138,Monique,Rhodes,blakeharding@example.net,847 Erin Tunnel,New Troyfort,West Virginia,Nepal
139,Gail,Alexander,dhenderson@example.com,7135 Angela Spurs Apt. 372,East Sharonmouth,New Mexico,Syrian Arab Republic
140,Jessica,Cabrera,johnscott@example.org,38925 Kristen Crossing Suite 843,Ryanstad,Utah,Honduras
141,Nicholas,Rodriguez,christy93@example.org,94126 Lisa Branch,Juliafort,Montana,Heard Island and McDonald Islands
142,Jenny,Holmes,montgomeryluke@example.net,131 Tammy Freeway,Lake Kirstenside,South Dakota,Christmas Island
143,Nicholas,Curtis,acook@example.org,019 Victor Union Suite 323,Evansfort,New York,Barbados
144,James,Madden,megancampbell@example.com,60223 Russo Streets,West Tamara,North Dakota,Eritrea
145,Anthony,Mendoza,victor83@example.org,94436 Nelson Fort,Jasmineton,Florida,Slovenia
146,Brian,Woods,charlesmontoya@example.org,4045 Greene Land,Collinston,Wyoming,Hong Kong
147,Christopher,Reyes,morganchris@example.org,99968 Liu Vista Apt. 567,Lindahaven,Hawaii,Croatia
148,Elizabeth,Smith,pvargas@example.com,733 Rogers Rapids Apt. 755,Destinyside,Arkansas,Singapore
149,Jessica,Williamson,ryanbridget@example.com,2244 Emily Crest,Cunninghamville,Wyoming,Argentina
150,Margaret,Escobar,shannonmerritt@example.com,72938 Caroline Ferry Apt. 598,South Cathy,New York,France
151,Anthony,Obrien,knoxjerry@example.com,06851 Rice Shore,Rodriguezfurt,Kansas,Palestinian Territory
152,Clarence,Williams,irivera@example.org,991 Miller Vista,Ramirezmouth,Kentucky,Moldova
153,Sabrina,Rogers,jimrice@example.net,4340 Wilson Coves,New Jonathon,Texas,Timor-Leste
154,Catherine,Osborn,zamorakristin@example.com,48775 Brooks Haven,East Melissa,North Dakota,Kazakhstan
155,John,Hanson,myerscaitlin@example.com,517 Rowe Falls Apt. 922,North Marissa,South Carolina,Libyan Arab Jamahiriya
156,Robert,Robertson,sellersadam@example.net,12175 Arthur Greens,East Keith,New York,Cameroon
157,Michael,Perry,lgreen@example.com,42076 Dougherty Orchard Apt. 427,North Seanmouth,Iowa,Reunion
158,Richard,Shelton,richardsonteresa@example.org,842 Smith Estates,Sheenaton,Minnesota,Kazakhstan
159,Mitchell,Montgomery,rmurray@example.org,16082 Tony Valleys,South Peter,New Jersey,Antarctica (the territory South of 60 deg S)
160,Alexis,Valentine,jamesmiller@example.net,1926 Smith Wells,Timothyhaven,New Jersey,Portugal
161,Harry,Berry,crystalgraves@example.com,1925 Hill View Suite 263,Richardland,Utah,Panama
162,Dustin,Green,smithalexandra@example.net,37393 Burns Light,South Jonathonburgh,Michigan,Nicaragua
163,Kristina,Hill,katievalentine@example.org,47813 David Ways Suite 915,New Emilyfort,Idaho,Canada
164,Eric,Jenkins,kristinaluna@example.org,179 Heather Ports,New Michael,Louisiana,Nigeria
165,Samuel,Sullivan,dhull@example.org,13855 Chavez Ports Suite 086,Lake Troychester,South Dakota,Martinique
166,Martin,Clark,rsimpson@example.com,2272 Hoffman Forest,East Jonathan,Georgia,Oman
167,Brent,Murray,jimmy01@example.com,341 Steven Via,East Jessicaberg,Idaho,Thailand
168,Jesus,Lewis,jennalester@example.org,016 Walker Mall,Kelleyville,Massachusetts,Turks and Caicos Islands
169,Brittney,Barnes,tammie13@example.net,407 William Walks,East Jordanburgh,Maryland,Kenya
170,Dean,Mueller,dclark@example.org,82743 James Plaza Apt. 892,Brownshire,New York,Palestinian Territory
171,Haley,Jensen,bnorman@example.org,28072 Kimberly Ridges Suite 785,Port Catherineview,Utah,Korea
172,Patrick,Singleton,stephanie63@example.com,6410 Grace Roads,Rogersmouth,Delaware,Ethiopia
173,Dennis,Murphy,donald41@example.com,780 Susan Union Suite 545,South Austin,Colorado,Tonga
174,Kristen,Kent,tonya62@example.com,427 Thornton Fall Suite 176,West Dominique,West Virginia,Eritrea
175,Norman,Lewis,garylewis@example.org,165 Rojas Walk Suite 215,Mclaughlinstad,Virginia,Burkina Faso
176,Nichole,Hutchinson,jerry89@example.com,28005 Crystal Rest Apt. 571,Michaelville,Missouri,Bahamas
177,Janet,Gallagher,oclark@example.org,67363 Charles Brooks,Lawrenceborough,New Jersey,Montenegro
178,Jonathan,Long,michaelkramer@example.com,5103 Larry Junction,Williambury,Maine,Zambia
179,Antonio,Nielsen,twilson@example.org,77137 Lara Path,Jenkinstown,Ohio,United States Virgin Islands
180,Matthew,Rogers,mpeterson@example.org,3564 Barker Pike Suite 059,Robertoberg,Kentucky,Korea
181,Jessica,Johnson,xtorres@example.net,738 Maxwell Falls Suite 465,Elizabethmouth,South Dakota,Guinea
182,Johnny,Scott,sheilajohnson@example.net,558 Kirby Isle Apt. 743,South Shari,Washington,Cyprus
183,Danielle,Jones,mathisscott@example.org,59192 Kelly Underpass Apt. 528,Hoodstad,Massachusetts,Mali
184,Jason,Ramirez,diazpatrick@example.org,62169 Hicks Squares,North Lauren,Florida,Palestinian Territory
185,Corey,Price,christine02@example.com,1611 Jason Springs Apt. 667,Fisherton,Vermont,Guinea-Bissau
186,Beth,Parrish,patrickhall@example.com,8364 Deborah Turnpike Suite 459,Jasonport,Washington,Guinea-Bissau
187,Lisa,Vaughan,gonzalezanna@example.org,71885 Lester Mills,Port Michaelfurt,Alabama,Guam
188,John,Jones,davismargaret@example.com,022 Joshua Village Suite 005,Amandafort,South Dakota,Netherlands Antilles
189,Carrie,Green,shawn48@example.org,21639 Maria Neck Apt. 353,Danielview,Utah,Croatia
190,Margaret,Dixon,michael36@example.com,3260 Michele Oval Apt. 155,West Jodi,Nevada,Canada
191,Gabriel,Evans,vpierce@example.com,3528 Emily Lake Apt. 845,West Lorifurt,North Dakota,Northern Mariana Islands
192,Fred,Duran,qhorne@example.net,0010 Peterson Cliff,Port Traci,New Mexico,Peru
193,Joshua,Christian,hhernandez@example.net,1120 Vaughn Parks,Port Williamton,New Jersey,Gibraltar
194,Adam,Jackson,nolandonna@example.net,106 Isabella Shores,Port Darren,Mississippi,Denmark
195,Cassandra,Davis,patrickburch@example.org,2257 Briggs Walk,East Tracyborough,Oklahoma,Grenada
196,Michael,Mills,oduncan@example.net,989 Kelsey Road,Brennanville,Florida,New Caledonia
197,Melissa,Patterson,anthonyjames@example.net,48110 Erik Prairie Suite 409,Cynthiaview,Iowa,Somalia
198,Dennis,Wheeler,nmcintosh@example.net,67227 Thompson Circle,Robertview,Delaware,Cocos (Keeling) Islands
199,Nathan,Montgomery,donchristian@example.org,7470 Hays Shoals Suite 287,Peckborough,South Dakota,Morocco
200,Gary,Thomas,jenniferperez@example.com,17098 Ashley Corner,Christophertown,Iowa,Senegal
201,David,Chavez,aaronowens@example.org,74229 Scott Field Suite 849,Longview,Hawaii,Uruguay
202,Samantha,Turner,frios@example.net,9614 Lamb Motorway,Tracishire,Kansas,Nigeria
203,Stacey,Powers,derek70@example.net,34542 Michael Extensions,East Zachary,Vermont,Czech Republic
204,Michael,Lane,kyle74@example.net,42132 Jimmy Via,North Paul,Louisiana,Niue
205,Darlene,Smith,clifford34@example.org,68195 Barber Motorway Apt. 574,East Rachelville,Texas,Syrian Arab Republic
206,Katherine,Coleman,nhughes@example.org,5262 Manning Tunnel Apt. 461,Austinshire,Connecticut,Sudan
207,Tracy,Howell,williamsjordan@example.com,91045 Allison Wall Apt. 226,West Christopher,Nebraska,Djibouti
208,Jennifer,Robinson,kathleentaylor@example.org,53668 Robert Locks,Sarahhaven,Washington,Bermuda
209,Bridget,Simon,alyssawilson@example.org,987 Ross Trace,East Susanfort,Colorado,Mali
210,Brett,Hall,richard02@example.org,30418 Lopez Keys Apt. 703,Barryborough,Oregon,Luxembourg
211,Kimberly,Shepard,sabrina95@example.org,31505 Young Overpass,Danielfort,Illinois,Cote d'Ivoire
212,Michael,Taylor,lisapatterson@example.net,553 Williams Light Apt. 085,West Candace,New Jersey,Tunisia
213,Jaime,Flynn,teresalee@example.org,702 Wilcox Road,Veronicamouth,New Jersey,Croatia
214,Megan,Coleman,randolphjoseph@example.net,216 Amanda Wall,Stevenhaven,Arizona,Belarus
215,Natalie,Thomas,susan71@example.net,23042 Steele Ports,North Hunterbury,Maine,Macao
216,Holly,Baird,tsmith@example.com,5079 Bass Tunnel,Lake Saratown,Rhode Island,Croatia
217,Nicole,Ward,benjaminrodriguez@example.net,821 Rebecca Coves Suite 623,Wandatown,Connecticut,Djibouti
218,Whitney,Martinez,sallysmith@example.org,890 Adams Landing Apt. 630,West Reginaldshire,North Carolina,China
219,Susan,Andrade,pvega@example.net,64081 Peterson Light Suite 079,Port Michael,Utah,Switzerland
220,Steven,Walton,nicolecarter@example.org,33397 Kennedy Parkway Suite 592,Emilychester,Wyoming,Nauru
221,Wendy,Abbott,grossronald@example.org,8177 Bridges Trail,East Dustin,South Dakota,Kyrgyz Republic
222,Allison,Thomas,baxterjoseph@example.org,482 Ward Crescent Suite 737,Whiteburgh,Rhode Island,Marshall Islands
223,Bradley,Morgan,karla25@example.com,61245 Mclean Locks,Joshuaborough,Wyoming,Tonga
224,Carol,Johnson,lesterlaura@example.net,3278 Riggs Centers,Smithton,Missouri,Guinea
225,Eric,Peck,lconrad@example.org,008 Michael Isle Apt. 460,Jessicaport,Tennessee,Djibouti
226,Bobby,Valdez,allison10@example.org,836 Cook Falls,West Amandaside,Connecticut,Qatar
227,Lauren,Jordan,johnsonryan@example.org,21453 Sullivan Greens Suite 278,Torresport,Maine,Svalbard & Jan Mayen Islands
228,Matthew,Pugh,sweeneyadam@example.net,8544 Laura Islands,Williamsberg,Oklahoma,Netherlands
229,Jill,Mora,james24@example.net,9675 Wendy Alley Suite 586,West Kevin,Colorado,Argentina
230,Jennifer,Taylor,robertgraham@example.com,876 Carlos Fort,North Matthew,Arkansas,Malawi
231,Jennifer,Gutierrez,millerkimberly@example.net,546 John Isle Suite 370,New Daniel,Florida,Western Sahara
232,Dalton,Meza,cpitts@example.com,094 Tammy Locks,Port Roy,Missouri,Ghana
233,Shelly,Smith,courtney51@example.net,5597 Diaz Square,North David,Arkansas,Bahamas
234,Ruben,Nelson,nschmidt@example.net,955 Jones Ville,Terrellhaven,West Virginia,Mongolia
235,Elizabeth,Simmons,austin78@example.com,77242 Carol Island,Jacksonmouth,Georgia,Svalbard & Jan Mayen Islands
236,Rhonda,Steele,hgardner@example.net,774 Romero Green Apt. 399,South Charles,North Carolina,Netherlands
237,Cheryl,Smith,kristinmiller@example.net,6801 Pace Islands Apt. 872,Rhondafort,Connecticut,Bhutan
238,Derek,Gamble,qwalsh@example.org,45883 Steve Orchard,Port Jessica,Pennsylvania,Iceland
239,Jeffrey,Bell,spencer27@example.org,88997 Adam Dale,Smithport,Washington,Haiti
240,Victoria,Lopez,ballmichael@example.net,2266 Elizabeth Oval Suite 994,East Angelicaport,South Dakota,Costa Rica
241,Kelly,Stone,jason46@example.net,837 Robinson Mountains Apt. 719,East Keithmouth,Kentucky,Togo
242,Bradley,Manning,angela82@example.net,7391 Melissa Station,East Christopher,Kentucky,Croatia
243,Joseph,Lee,pwalsh@example.net,93758 Andrea Turnpike Apt. 700,Cindytown,Idaho,Montserrat
244,Sharon,Walker,melanie01@example.com,195 Brown Well Suite 111,Brendaberg,Texas,Saint Martin
245,Bryan,Wilson,osparks@example.org,4218 Patricia Estate Suite 558,New Christopherfurt,New Hampshire,Cambodia
246,Albert,Ochoa,qthompson@example.net,573 Jennifer Pike Suite 192,Campbellton,West Virginia,Guinea
247,Sarah,Ross,mark94@example.org,510 Angela Drive Apt. 901,North Jessemouth,New Jersey,Congo
248,Kristy,Floyd,alexiswells@example.org,87941 Michael Village Apt. 398,South Jacqueline,California,Gibraltar
249,Billy,Lee,nicolasmurphy@example.org,41087 Lucas Springs Suite 978,Robertshire,Kansas,Albania
250,Jessica,White,monica35@example.org,161 Christopher Mews Apt. 905,Davidside,Delaware,Czech Republic
251,Jason,Hardy,laura87@example.net,404 Amanda Cliffs Apt. 236,Cantuhaven,Maryland,Bahamas
252,Steven,Hanson,olsonjeremy@example.net,4353 Villarreal Branch,East Teresaside,Delaware,Netherlands Antilles
253,Justin,Willis,johnlewis@example.org,45396 Anne Court,Braunfurt,Massachusetts,Saint Helena
254,Lisa,Simpson,jacobskenneth@example.com,032 Victoria Square Apt. 008,South Johnnytown,Michigan,China
255,Donna,Stephenson,hernandezsteven@example.org,7032 Michael Vista,Cindymouth,Nebraska,Turks and Caicos Islands
256,Jill,Hurst,warddavid@example.org,193 Kelly Garden,Rebeccaton,Louisiana,Djibouti
257,Ricky,Jennings,nfrazier@example.org,738 Guzman Expressway,North Johnmouth,Iowa,Gabon
258,Julie,Welch,devinphillips@example.com,156 Jordan Heights,Ericview,Ohio,Saint Barthelemy
259,Troy,Conley,crawforddavid@example.com,8356 Kimberly Prairie,Craigborough,Louisiana,Cook Islands
260,Lauren,Palmer,paula55@example.org,01521 Kenneth Parks,Monicamouth,Nevada,Venezuela
261,Christopher,Hancock,robert53@example.net,424 Sara Shoals,New Kelly,South Carolina,Anguilla
262,James,Day,klynn@example.org,4361 Steven Views,Matthewview,Delaware,Bouvet Island (Bouvetoya)
263,William,Johnson,dalton42@example.net,71650 Ortega Row,New Kimberlyport,New Hampshire,Australia
264,John,Rubio,courtneytorres@example.net,992 Paul Pass,East Kyle,Utah,Antarctica (the territory South of 60 deg S)
265,Linda,Perez,sanchezbarbara@example.com,1514 John Canyon Suite 000,New Francisco,Iowa,Moldova
266,Nicholas,Ryan,jerryserrano@example.net,00101 Christopher Fork Suite 120,Howardchester,North Dakota,Suriname
267,Margaret,Williams,uellis@example.org,641 Underwood Haven,Owensburgh,Arkansas,Thailand
268,Cody,Collins,melissalam@example.com,77770 Jordan Trail,Mccoyside,Alabama,Netherlands
269,Beverly,Hamilton,haleyhudson@example.org,3275 Timothy Squares,Hopkinsmouth,Washington,Switzerland
270,Eric,Campbell,christina81@example.com,5828 Carolyn Harbor Apt. 710,Lake Brianton,Utah,Cayman Islands
271,Carl,Powell,susansmith@example.com,527 Justin Shore Suite 290,West Johnny,North Dakota,Luxembourg
272,Adam,Kelly,gfinley@example.com,4547 Mcmahon Harbor Suite 420,Mauricechester,South Carolina,Niger
273,Elizabeth,Dixon,amanda26@example.com,64844 Meyer Throughway Apt. 174,Margaretport,Maryland,Mauritania
274,Krystal,Allen,johnsonshawna@example.net,42281 Jared Spurs,Huertaland,Idaho,Ukraine
275,Jennifer,Simmons,jeremydavid@example.com,24603 Poole Keys Suite 868,Stevensborough,New Jersey,Oman
276,Anna,Lin,ymitchell@example.com,4770 Waters Lock,West Rhonda,Idaho,Uganda
277,Timothy,Salinas,charles10@example.org,2046 Carly Radial Suite 845,New Richardbury,California,Burundi
278,Kristen,Kim,flowerskathryn@example.net,81740 Flores Springs,Lake Cheryl,Nevada,Niger
279,William,Allen,obruce@example.org,663 Smith Greens Apt. 848,New Anita,Ohio,Ghana
280,Victor,James,christyjarvis@example.org,2920 Gregory Shoal,Port Erintown,Arizona,Lao People's Democratic Republic
281,Monique,Morgan,pcarter@example.com,07481 Myers Trace,North Codyton,Nevada,Portugal
282,Christine,Shepherd,jeffrey15@example.com,71244 Brandon Cove,Thomasport,Alaska,Solomon Islands
283,Mark,Davenport,tyrone68@example.org,363 Powell Union,New Melissaville,Idaho,Zimbabwe
284,Anita,Hurley,crivera@example.org,1574 Dustin Villages,Mistytown,New Mexico,Mayotte
285,Juan,Lara,krystal91@example.org,56143 Lee Trail,North Michael,Minnesota,Saudi Arabia
286,Jody,Carter,mcintoshdiamond@example.com,3162 Bell Tunnel Suite 849,South Miketown,North Carolina,Lesotho
287,Jonathan,Klein,wilsontina@example.net,19262 Gray Knolls,Joshuaburgh,Virginia,Singapore
288,Joshua,Randolph,justin75@example.org,957 Megan Spurs,West Jonathanshire,Nevada,Morocco
289,Karen,Gonzalez,nholland@example.net,442 Autumn Park Apt. 731,North Alicia,Idaho,Guinea-Bissau
290,Bruce,Miller,rebeccarivera@example.com,6424 Holt Square Suite 098,Christinaport,Rhode Island,Mexico
291,Robert,Pineda,steven39@example.net,55098 Natalie Spring,Lake Paul,Arizona,Armenia
292,Isaiah,Johnson,rebecca28@example.net,95782 Le Crest Suite 231,East Christinamouth,Vermont,Kuwait
293,April,Bautista,zchan@example.net,1124 Anderson Lake,Christopherview,Washington,Colombia
294,Jamie,Wong,andrew56@example.com,752 Zachary Spur,Lake Beth,Wisconsin,Libyan Arab Jamahiriya
295,Jamie,Jones,uperez@example.org,3105 Reynolds Spurs,Michaelbury,New Mexico,American Samoa
296,Peter,Brown,colethomas@example.org,439 Barrett Crest,East Kristiefort,West Virginia,Belgium
297,Robert,Odonnell,greenangela@example.org,4787 Amanda Lights,Williamshaven,California,Pitcairn Islands
298,Amanda,Haney,yglenn@example.net,486 Barnes Light Suite 034,South David,Wisconsin,Mayotte
299,Regina,Adams,hjones@example.com,860 Tara Ridges Apt. 448,Port Bradleyborough,Hawaii,British Indian Ocean Territory (Chagos Archipelago)
300,Michael,Nguyen,jtaylor@example.org,598 Beck Causeway Apt. 885,Huberview,New Hampshire,Puerto Rico
301,Francisco,Price,russoheidi@example.net,15466 Anderson Well Apt. 504,West Ryanfort,South Carolina,Wallis and Futuna
302,Andrew,Ross,xsmith@example.com,54750 Joseph Neck,Port Samanthahaven,Alabama,New Zealand
303,Stephanie,Garcia,kristen39@example.com,72154 Jones Camp,Port Michellehaven,Michigan,Nauru
304,Norma,Carter,james31@example.com,61202 Ortiz Street Apt. 701,North Scottmouth,Illinois,Bulgaria
305,Brian,Pace,ewalsh@example.org,61268 Chase Orchard Suite 471,West Laura,Idaho,China
306,Miranda,Durham,robertothomas@example.net,0216 Nicholas Divide Suite 228,North Danielland,Mississippi,South Georgia and the South Sandwich Islands
307,Kimberly,Ibarra,qcole@example.org,582 Thomas Meadows Suite 909,South Steven,Arizona,Thailand
308,Thomas,Cunningham,brent02@example.com,21435 Joshua Ramp,East James,Michigan,Saudi Arabia
309,Vanessa,Cox,brett40@example.com,559 Johnson Parkways,New Ashleeborough,Illinois,Brunei Darussalam
310,Eric,Kennedy,greenejoseph@example.org,861 Newman Loop Suite 441,New Adamfort,Alaska,Switzerland
311,Anna,Church,anthony90@example.net,61103 Rodriguez Shores,Heatherstad,California,Dominica
312,Marissa,Owens,ronald69@example.net,08315 Beck Lakes,Davisland,New York,Estonia
313,Ann,French,michael10@example.net,8598 Katherine Freeway,East Ray,Virginia,Ireland
314,Peggy,Sandoval,rgeorge@example.net,66686 Padilla Brooks Apt. 567,West Alexa,North Dakota,Jordan
315,Cynthia,Miller,vharris@example.net,603 Virginia Wall Apt. 159,Brianfort,Wisconsin,South Georgia and the South Sandwich Islands
316,Cody,Houston,vanessagarner@example.com,725 Joanne Point Suite 878,Lake Oscarberg,Nevada,Moldova
317,Richard,Gordon,reynoldstammy@example.org,54849 Gordon Path Suite 865,South John,New York,Liberia
318,Paul,Pugh,carrie04@example.org,5584 Wolfe Plain,Rebeccaton,Massachusetts,Singapore
319,Wendy,James,stephanie75@example.org,25825 Angela Overpass,North Markmouth,Alaska,Reunion
320,Cynthia,Lewis,hernandezfrank@example.com,27805 Meza Turnpike,Perryborough,Arkansas,Romania
321,Jill,Robertson,jacquelinecook@example.org,4885 Stacey Meadow Suite 452,West Spencerfort,Texas,Bouvet Island (Bouvetoya)
322,Jean,Gates,elizabethbuchanan@example.org,7274 Susan Green,Danaburgh,Wisconsin,Bahamas
323,Ernest,Simmons,obrown@example.com,29901 Michelle Keys,Churchport,New Jersey,South Georgia and the South Sandwich Islands
324,Craig,Wright,jamiewalker@example.org,9534 Brian Tunnel Suite 803,Millerton,Michigan,Romania
325,David,Williams,trevor74@example.com,0995 Robinson Mountains,Dawsonfort,Rhode Island,Montenegro
326,Marissa,Vaughn,philip92@example.net,01228 Hart Parkways Suite 829,North Kimberlychester,Louisiana,Kuwait
327,Justin,Bass,urichardson@example.org,42137 Lisa Landing Suite 515,Gibsonborough,California,Bahamas
328,Laura,Johnson,markjenkins@example.org,551 Smith Corner Apt. 145,Alexisshire,Oregon,Romania
329,Christina,Thomas,scottjohn@example.org,6287 Jenkins Plains Apt. 692,Katiemouth,South Dakota,American Samoa
330,Adrian,Guerrero,bjones@example.com,6306 John Valley,Strongshire,Nebraska,Kenya
331,Edward,Weiss,dpowers@example.net,597 Martin Walk,North Deborahchester,Kansas,Bermuda
332,Kathy,Rodriguez,emma92@example.org,948 Lindsey Inlet Suite 021,Kingshire,Michigan,Hong Kong
333,Ashley,Browning,james84@example.org,58503 Mcmahon Prairie,East Sarah,South Dakota,Tajikistan
334,Jodi,Rivera,gregory02@example.net,0813 Donna Crossing,Lake Alexander,Connecticut,United Arab Emirates
335,Courtney,Warren,fperry@example.com,85181 Diaz Roads,South Gregoryview,Alabama,Gabon
336,Amy,Hardy,xstephens@example.com,4329 Goodman Walk,West Cynthia,New Hampshire,Trinidad and Tobago
337,Sheila,Galvan,nsmith@example.com,207 Brown Street,New Isabella,Alabama,Cyprus
338,Christine,Dunn,eringonzalez@example.org,61936 Patrick Isle,Sarahside,Tennessee,Italy
339,Christopher,Brown,griffinsamuel@example.net,944 Wagner Circles,Conwayland,North Dakota,Algeria
340,Jeffrey,Diaz,hunterandrea@example.org,37773 Barbara Path Suite 774,North Hannahfurt,Pennsylvania,Belize
341,Elizabeth,Peters,rothdavid@example.net,258 Jonathan Spur Suite 887,Jessicashire,Alaska,Belize
342,Jennifer,Ramsey,nathanalexander@example.org,57670 Nguyen Wells,Caitlinburgh,Louisiana,Namibia
343,Steven,Price,kylejackson@example.org,17140 Zachary Terrace Apt. 367,Lake Melissa,Michigan,Bahrain
344,Kelly,Green,allenpayne@example.com,980 Mayo Views,Ninaside,Connecticut,Greenland
345,John,Johnson,chamberschristian@example.net,9303 Ashley Village,Kennedyville,New Mexico,British Indian Ocean Territory (Chagos Archipelago)
346,Michael,Walker,robert58@example.org,934 Kelly Skyway Suite 971,West Richard,Oregon,Cayman Islands
347,Sara,Murphy,lcrawford@example.org,6573 Margaret Club Suite 750,New Joshua,North Dakota,Guadeloupe
348,Bryan,Rivera,alexanderelizabeth@example.com,47689 Hayes Turnpike Suite 246,Walterview,California,Greece
349,Nicholas,Buchanan,tsmith@example.net,0805 Sutton Skyway Apt. 876,Lake Kyle,Vermont,Yemen
350,Andrew,Douglas,christopherneal@example.com,8953 Gomez Rapid Apt. 884,Valdezchester,Delaware,Barbados
351,Lori,Jones,jensencameron@example.com,300 Robertson Courts,Marquezmouth,Virginia,Western Sahara
352,Juan,Mercer,robertmclaughlin@example.org,92008 Susan Vista Suite 636,Cantrellfort,Nevada,Heard Island and McDonald Islands
353,Gary,Clayton,smithcalvin@example.net,375 Angel Cliff,West James,Missouri,Tuvalu
354,Andrea,Rodriguez,samanthabullock@example.com,90465 Brian Stream,Port Ashley,Nevada,British Virgin Islands
355,Shawn,Becker,cantrellmary@example.net,498 Ryan Divide,Sydneyfurt,Pennsylvania,Kuwait
356,Gloria,Huffman,jamielove@example.org,603 Johnson Village,North Alex,Oregon,Puerto Rico
357,Joseph,Harrison,alexanderlove@example.org,59171 Jeffrey Views,Stricklandborough,Massachusetts,San Marino
358,Rebecca,Lawson,nmorrison@example.net,941 Sarah Plain Apt. 314,Dianeburgh,Nebraska,Zimbabwe
359,Lauren,Anderson,esantiago@example.net,41635 Devin Ports Apt. 355,South Stephanie,Rhode Island,Aruba
360,Cynthia,Wright,angelrodriguez@example.org,944 Renee Green Apt. 083,Martinland,Indiana,Saint Helena
361,Michael,Sandoval,dhawkins@example.org,941 Joseph Circles Apt. 326,Lake Jerry,Delaware,Liechtenstein
362,Stephanie,Ross,anitawilson@example.org,6455 Christine Stream Suite 345,Riveramouth,Delaware,Solomon Islands
363,Joshua,Moore,gloverkelly@example.net,662 Porter Radial,Courtneystad,Michigan,British Virgin Islands
364,Darlene,Harrison,emily07@example.net,2355 Wood Court,Cameronstad,Rhode Island,Taiwan
365,Zachary,Wright,michael97@example.net,192 Martinez Station,Port Gregory,Maryland,Pakistan
366,Jessica,Sawyer,sarahlopez@example.com,1092 Ramirez Centers,North Meredith,Montana,Solomon Islands
367,Kevin,Johnson,mark09@example.com,18842 Tiffany Green Apt. 544,Port Gregory,Montana,Chile
368,Lawrence,Thompson,harrischristine@example.com,6311 Krystal Crescent Suite 967,Madisonton,Texas,Tunisia
369,Christopher,Kelly,myersjose@example.com,464 Anne Harbor Apt. 740,West Katie,Alaska,Kenya
370,Wayne,Powell,josephmegan@example.com,6273 Lauren Branch,East Michelleside,Florida,France
371,Nathan,Garcia,christopher46@example.com,43401 Kristin Rest Apt. 409,New Andrewmouth,Vermont,France
372,Jessica,Fritz,david47@example.org,299 Robert Pass,Lake Michelechester,Nebraska,Holy See (Vatican City State)
373,Stephanie,Briggs,amandabenton@example.com,8871 Herring Isle Suite 061,Leblancburgh,Georgia,Japan
374,Hannah,Freeman,laurarichardson@example.com,99999 Singh Oval Suite 169,Kimberlychester,Ohio,Russian Federation
375,Michael,Carlson,tinaross@example.net,00821 Reynolds Coves,Randystad,Illinois,British Indian Ocean Territory (Chagos Archipelago)
376,Travis,Henderson,smithmario@example.net,88691 Hatfield Views Suite 240,Port Haydenfurt,Maine,Ecuador
377,Andrea,Porter,bruiz@example.net,2645 Trevor Islands Suite 672,Coxside,North Carolina,Palau
378,Cynthia,Webster,ethandeleon@example.com,20712 Mcdowell Inlet,Ronnieborough,Louisiana,Kenya
379,Brittany,Page,amymunoz@example.com,250 Taylor Groves,North Davidville,Texas,Montserrat
380,Jennifer,Barker,villegasjonathan@example.org,120 Margaret Lane Apt. 860,New Duane,Kansas,Namibia
381,Deborah,Stanley,susan04@example.com,430 Hall Islands Apt. 316,Burkeport,Maine,Saudi Arabia
382,Michelle,Butler,kariwelch@example.com,264 Ruiz Knolls,South Curtisport,Wyoming,Namibia
383,Craig,Anderson,trevor99@example.net,709 Jeffrey Springs,Port Ebony,Illinois,Sudan
384,James,Brown,flowersjohn@example.com,30609 Matthew Springs Suite 015,North Ashleyshire,Minnesota,Portugal
385,Janet,Davis,hineskirk@example.org,47811 Courtney Roads,New Nicholas,California,Sri Lanka
386,Valerie,Dennis,steven27@example.org,972 Jones Cape Suite 684,Lake Thomasberg,Vermont,Burundi
387,Matthew,Wallace,ashleyhayes@example.com,6597 Mullen Falls Apt. 933,Jeffreyberg,Delaware,Cyprus
388,Jennifer,Jackson,phillipslindsay@example.org,09785 Alex Passage Suite 184,Woodsbury,Pennsylvania,French Polynesia
389,Casey,Miller,smorgan@example.com,9385 Kimberly Square,Lake Bryan,Louisiana,Equatorial Guinea
390,Kyle,Brown,deanpatricia@example.org,686 Elizabeth Ford,Maryhaven,Ohio,Serbia
391,Timothy,Lopez,figueroamargaret@example.com,9486 Johnson Trail Apt. 026,Port Jonathan,New Hampshire,Bulgaria
392,Laura,Good,timothy30@example.com,334 Kayla Keys,North Michaelfort,New York,Liberia
393,Shannon,Roberts,susan98@example.org,1098 Ronald Lake,Adamsfurt,Delaware,Belize
394,Andrew,Graham,michelleballard@example.net,9228 Megan Fall,South Sheri,Pennsylvania,Niue
395,Daisy,Lopez,gabriellestevenson@example.net,01865 James Rest Apt. 029,North Susanmouth,New York,Russian Federation
396,Michael,Warren,webbmargaret@example.org,2169 Charles Well,Lake Cherylside,Illinois,Turkmenistan
397,Billy,Ball,beverly54@example.net,9183 Klein Burg,Mariamouth,Iowa,Gabon
398,Mark,Le,coopernatasha@example.net,577 Joshua Corners Suite 247,North Natashaton,Pennsylvania,United States Virgin Islands
399,Dorothy,Richardson,kathleenadams@example.com,81366 Gray Street Suite 349,Sharonberg,Montana,Finland
400,Kyle,Macias,teresa56@example.net,813 Matthew Junctions Apt. 288,East Tammiebury,Georgia,Guernsey
401,Keith,Carlson,brownchristopher@example.org,6911 Anderson Gardens Apt. 976,Bennetthaven,Arkansas,Guernsey
402,Jennifer,Mendoza,garnold@example.org,51765 Flynn Corner,Port Brianton,Wisconsin,Botswana
403,Lisa,Flores,hollymitchell@example.net,5227 Amanda Manors,East Markville,Utah,Holy See (Vatican City State)
404,Catherine,Kramer,nathan87@example.com,7422 Moreno Tunnel Suite 433,North Douglas,Indiana,Korea
405,David,Ross,trevinodavid@example.com,11096 Flynn Route Suite 379,Lake Mark,North Carolina,Sweden
406,Sandra,Miles,zfarmer@example.com,903 Nicole Manor Apt. 090,Lewisborough,South Dakota,Ecuador
407,Teresa,Wilson,millertina@example.com,06724 Allen Shore,Mooretown,Montana,Kazakhstan
408,Sherri,Frank,fobrien@example.org,78541 Chad Trace Apt. 215,Darrellview,Kentucky,Saint Lucia
409,Kayla,Lloyd,brittany28@example.net,05923 Sharp Stravenue,New Danielstad,North Dakota,Mayotte
410,Jennifer,Castillo,jamescastillo@example.com,75012 Soto Plains Apt. 350,Rodgersfurt,Minnesota,Jersey
411,Deborah,Larson,weaverrobert@example.com,672 Conley Heights,Port Pamela,Maine,Tunisia
412,Alicia,Adams,yolandaevans@example.com,70825 Wright Harbors Suite 075,Port Johnmouth,Indiana,Tajikistan
413,Joshua,Wilson,jessicamoore@example.com,9612 Olivia Path Suite 428,East Kimberlystad,North Dakota,Puerto Rico
414,Angela,Baker,garciaamber@example.net,2808 Kelly Common Suite 511,South Evan,Idaho,Ecuador
415,Jennifer,Arroyo,robertssandra@example.com,3464 Danielle Well Suite 239,Deborahmouth,Arizona,Congo
416,Mariah,Wright,stephaniehunter@example.net,665 Cassandra Cliffs,Port Victoriafurt,Texas,Kazakhstan
417,Alexandra,Thomas,hernandezjeffrey@example.com,0060 Paul Village,Lake Kellyton,Alaska,Equatorial Guinea
418,Joseph,Mccann,david16@example.com,052 Stacie Ford,North Hannah,New Jersey,New Zealand
419,Shannon,Shields,kmurray@example.org,957 Kelley Via,East Claudiafurt,Florida,Norway
420,Eddie,Padilla,jprice@example.org,5981 Ross Summit,Lake Josephfurt,Kentucky,Macao
421,Kelly,Martin,bmarsh@example.com,429 Matthew Common Apt. 341,Anthonystad,Massachusetts,Sri Lanka
422,Marilyn,Ballard,bradleyjones@example.com,899 Miller Avenue Suite 121,North Kelly,Vermont,Turkey
423,Samantha,Smith,stevencruz@example.com,809 Adams Union Suite 565,West Steventon,Utah,Germany
424,Kara,Roth,hudsonrobert@example.net,86448 Hall Pine Apt. 422,Petersonland,Arizona,Iceland
425,James,Todd,laura85@example.com,8420 Elaine Lane,East Dianeshire,Maine,Uzbekistan
426,Lisa,Bailey,katherine47@example.com,2548 Payne Passage,Brittanyfurt,Mississippi,Bangladesh
427,Deborah,Harris,tateedward@example.net,80704 Proctor Land,North Kellyport,Arkansas,French Polynesia
428,Angela,Irwin,murraykevin@example.net,982 Mendez Island Apt. 163,Cristianside,Florida,Barbados
429,Robert,Cook,pguzman@example.org,7518 Elizabeth Walk,North Joshua,Virginia,Mexico
430,Becky,Richard,imcintosh@example.org,14071 Amanda Way,New April,New Hampshire,Mali
431,Jacob,James,hlang@example.net,2744 Castillo Causeway Apt. 525,Smithborough,Virginia,Saint Helena
432,Tonya,Kelly,slarson@example.com,8011 Bird Well Suite 685,North Valerie,Massachusetts,Libyan Arab Jamahiriya
433,Tiffany,Hammond,ygreen@example.net,26391 Johnson Cove,Lake Dalton,Maryland,Maldives
434,Aimee,Carter,seanhernandez@example.net,667 Allen Walk,Ruizview,Wyoming,Nicaragua
435,Tiffany,Olson,erinramos@example.org,0406 Susan Manor,Lake Craig,Alaska,Italy
436,Lindsey,Blake,lisaconway@example.com,448 Weber Road,Marthaport,Alaska,Saint Barthelemy
437,Brandon,Cooper,patriciathompson@example.com,574 Costa Plains,Port Stephaniehaven,Missouri,Puerto Rico
438,Traci,Edwards,greensara@example.com,057 Richard Points Apt. 747,Lindsayberg,West Virginia,Equatorial Guinea
439,John,Cruz,jordandavid@example.com,73781 Mueller Inlet Apt. 467,New Johntown,Arizona,Zimbabwe
440,Todd,Long,zking@example.org,683 Soto Road Suite 015,North Mirandafort,Pennsylvania,Sudan
441,Jason,Mitchell,delgadomichael@example.org,62206 Denise Neck Suite 834,South Jennifer,Colorado,Liechtenstein
442,Patrick,Garcia,bwilson@example.com,57156 Brown Tunnel Suite 212,Brianstad,Connecticut,Oman
443,Jacqueline,Coleman,wardbobby@example.net,114 Wanda Estates,Port David,Arkansas,Oman
444,Kimberly,Thompson,oboyle@example.net,47918 Kaitlin Passage Apt. 216,Stevenbury,Louisiana,Iraq
445,Nicholas,Salas,jonathangraham@example.net,63373 Mullen Trace Suite 954,Kristieport,Iowa,Netherlands
446,Jeffrey,Mcmillan,vmiller@example.com,942 Parker Ville Suite 246,Port Crystal,Kentucky,Sao Tome and Principe
447,Erika,Morgan,wolfjacob@example.net,061 Amber Isle,New Amy,New Mexico,Seychelles
448,Amy,Murillo,gregorygonzalez@example.org,940 Spears Springs Apt. 630,Jonesberg,Hawaii,Mozambique
449,Tracey,Delgado,holmeschristine@example.com,0059 Randy Landing Apt. 204,Benjaminview,Ohio,Pitcairn Islands
450,Gary,Taylor,lindaoliver@example.net,82429 Marshall Coves,Christopherport,Oregon,Kuwait
451,Christina,Carpenter,wallen@example.com,63940 David Avenue,West Micheleberg,Maryland,Guadeloupe
452,Gregory,Wilson,rodriguezcorey@example.com,0287 Amanda Mountain,Lake Timothyfurt,Hawaii,Paraguay
453,Keith,Snyder,jesse37@example.org,20944 Jacobs Grove,Jennaburgh,Connecticut,Gambia
454,Renee,Hernandez,xochoa@example.org,395 Kristen Divide,Russellborough,Wisconsin,Malawi
455,Kelly,Garcia,kevinhart@example.net,7110 Ball Pine,Timothytown,New Hampshire,Antarctica (the territory South of 60 deg S)
456,Thomas,Peterson,rcastillo@example.net,2847 Shawn Island Suite 263,Vazquezview,Kentucky,Svalbard & Jan Mayen Islands
457,Debbie,Hernandez,anthony40@example.org,448 Mendez Mountains Suite 903,New Rhonda,New Jersey,Liberia
458,Denise,Castillo,lucas43@example.com,628 Horne Hollow,Riveratown,South Carolina,Cameroon
459,Matthew,Johnson,natalieclay@example.org,836 Mosley Lane,Lake Lauren,Indiana,Monaco
460,James,Anderson,mrogers@example.com,8121 Jones Roads Apt. 403,Brendashire,Nevada,Holy See (Vatican City State)
461,Sara,Williams,lisa70@example.org,80671 Wells Ramp Suite 380,South Tammychester,Delaware,India
462,Michael,Garcia,christianjeffrey@example.org,9787 Veronica Motorway Suite 133,North Veronica,Nebraska,Equatorial Guinea
463,Daniel,Moore,patrickmartin@example.org,6539 Barnett Circle Apt. 633,Horneberg,Missouri,Angola
464,Richard,Kerr,timothy81@example.com,09510 Stephanie Crest Suite 806,East Jon,Connecticut,Finland
465,Cynthia,Moore,flemingroberto@example.net,2956 Byrd Motorway Apt. 311,South Melissaberg,Louisiana,Serbia
466,Tammy,Boyd,tyler98@example.com,90491 Maureen Stream Suite 354,Evansview,Oregon,Swaziland
467,James,Smith,laurahood@example.net,52405 Megan Rest Suite 351,Sharonchester,Alabama,Saint Barthelemy
468,Rebecca,Hunt,robertrogers@example.org,44797 Strong Harbors Suite 916,New Isabellaport,Montana,Liberia
469,Robert,Morris,ramostaylor@example.net,44291 Morgan Stravenue,Hahnstad,Iowa,Comoros
470,Michael,Perez,zrobbins@example.com,06340 Olivia Row,Pamelaville,Wisconsin,Pitcairn Islands
471,Melissa,Floyd,ibriggs@example.org,8724 Ramirez Station,Scotthaven,Hawaii,Zambia
472,Brian,Smith,stokesnicole@example.com,350 Perez Ways,Heathberg,Alaska,Antigua and Barbuda
473,Zachary,Simmons,gary47@example.net,64948 Mercado Grove Suite 201,Adrienneshire,Connecticut,Lesotho
474,Nathan,Graham,millsmatthew@example.com,1461 Shaw Heights,Anthonyhaven,Vermont,Saint Lucia
475,Carrie,Johnson,kevin61@example.org,4583 Allen Flat Suite 804,West Matthewstad,Florida,El Salvador
476,Jill,Lee,cbowman@example.org,10332 Ross Turnpike,Cameronhaven,West Virginia,Iceland
477,Cory,Nichols,jhorn@example.com,2600 Phillips Dale Apt. 648,Parkerview,South Carolina,Lao People's Democratic Republic
478,Kristin,Brown,zmurray@example.org,044 Lopez Locks,West Danielside,Kentucky,Kiribati
479,Robert,Jones,ashley48@example.net,18830 Johnson Mountains Suite 472,Lindseyton,Missouri,American Samoa
480,James,Johnson,millerclinton@example.net,1052 Samantha Overpass Apt. 384,Bennettshire,Oregon,Cocos (Keeling) Islands
481,Elizabeth,Ruiz,jeffreyvargas@example.org,287 Luis Radial,New Allison,Wyoming,Norfolk Island
482,Anita,Camacho,mleonard@example.net,0931 Anderson Lane,West Williamville,North Carolina,Oman
483,Amy,Jones,rlester@example.net,55602 Bennett Creek Apt. 287,Griffinshire,Pennsylvania,Honduras
484,Matthew,Hodges,thorntonkimberly@example.com,640 Cain Station Suite 915,Stephaniechester,South Dakota,Georgia
485,Sheila,Erickson,qacevedo@example.org,265 Mary Flat Suite 580,North Susan,Vermont,Haiti
486,Steven,Griffin,tguerrero@example.org,70547 Jessica Mount,East Katherine,Colorado,Ireland
487,Nancy,Calhoun,ksantiago@example.com,272 Davis Expressway,Smithshire,Indiana,Chad
488,Catherine,Johnson,sabrinabowman@example.com,4611 Crosby Centers Suite 438,Ronaldfort,Oregon,United States Minor Outlying Islands
489,Juan,Sims,kevinsmith@example.org,7730 Kimberly Crescent Apt. 859,Smithville,Kansas,Swaziland
490,Cynthia,Hickman,matthewkelly@example.org,1245 Jane Plains Apt. 381,South Donnaport,Delaware,Uganda
491,Glenn,Burton,ftanner@example.net,511 English Mills Apt. 349,Harrisville,Utah,Saint Vincent and the Grenadines
492,Charles,Banks,wgardner@example.net,17942 Ralph Flats Suite 790,South Sarah,Indiana,Tanzania
493,Danielle,Howe,taylor39@example.net,864 Walker Forks,Michaelside,Montana,Libyan Arab Jamahiriya
494,Andrea,Wheeler,harperchad@example.net,32624 Valdez Brooks Apt. 030,Michaelshire,Arkansas,Maldives
495,Steven,Lopez,williamfriedman@example.com,1410 Caldwell Avenue,Stokesport,Delaware,Suriname
496,Rachel,Gates,hwright@example.com,09056 Michael Forges,New Patrickhaven,Delaware,Montenegro
497,Jeffrey,Patel,bholmes@example.org,3162 Melissa Lodge,Carlamouth,Connecticut,Tokelau
498,Lisa,King,travis54@example.org,97028 Rita Tunnel,Parkerville,Washington,Costa Rica
499,Lindsey,Thomas,christopher79@example.org,218 Chad Orchard,Bennettbury,Oregon,Lebanon
500,Kathy,Wallace,tlopez@example.net,623 Stewart Views,Wellsberg,Idaho,Martinique
501,Rebecca,Watson,fharvey@example.org,8656 Michelle Parkways,Christinefurt,Kansas,Mali
502,Steven,Avila,thompsonstephanie@example.net,192 Laura Turnpike Apt. 500,Port Carmen,New Jersey,Puerto Rico
503,Tammy,Davis,dale86@example.net,640 Olsen Crescent Apt. 618,Josephbury,Iowa,Albania
504,Stephanie,Carpenter,bishopveronica@example.org,527 Perez Way,Hallview,Missouri,Iran
505,Micheal,Aguirre,christianmason@example.org,801 Richard Dam,Smithfort,Arkansas,United Kingdom
506,Kevin,Palmer,snyderkristie@example.org,1799 Richards Rapids Apt. 008,East Karamouth,Virginia,Martinique
507,Joan,Day,xdixon@example.com,919 Black Lights Apt. 257,Carterton,Arkansas,Finland
508,Leslie,Colon,reidricardo@example.com,114 Michael Freeway Apt. 186,Ramirezside,Hawaii,Timor-Leste
509,Zachary,Henderson,jerrycox@example.net,6111 Johnson Haven,East Richard,Illinois,Senegal
510,Omar,Murphy,brian38@example.com,14585 Olsen Course Apt. 063,Port Brandymouth,Illinois,Palestinian Territory
511,Patrick,Miller,ujones@example.net,686 Kevin Circles Suite 950,Andersonstad,New Hampshire,Turkey
512,Roy,Morgan,amandasmith@example.net,5824 Jones Valley,North Johnny,Wyoming,Norfolk Island
513,Michael,Snyder,lmarsh@example.com,62882 Wood Pines Apt. 949,Port Stephenchester,Washington,Faroe Islands
514,David,Torres,jonathan96@example.net,592 Dana Vista Apt. 470,Port Kaylaland,North Carolina,Benin
515,Jennifer,Nunez,sarahknight@example.com,53832 Anderson Plain Suite 675,New Mariamouth,Maine,Wallis and Futuna
516,Adam,Ball,gmiller@example.com,71972 Alvarez Alley,New Jason,Rhode Island,Korea
517,Gregory,Martin,catherine99@example.net,76867 Meyers Union Apt. 480,Lake Donald,New York,Turkey
518,Richard,Lynch,scott73@example.com,429 Lowery Rest,Villafurt,Arkansas,Sweden
519,Timothy,Phelps,ernest30@example.org,941 Charles Plains,West Patriciastad,Illinois,United Kingdom
520,Marie,Smith,peterslori@example.net,981 Collier Isle,Arnoldmouth,Alaska,Montserrat
521,Richard,Long,qsimpson@example.com,0023 Victor Springs,New Peter,Montana,Timor-Leste
522,William,Perry,dillon33@example.net,3905 Lewis Trail,South Ian,Alaska,Togo
523,Scott,Nguyen,mross@example.com,98122 Brown Track Apt. 267,Rowlandtown,Arizona,Tajikistan
524,Darlene,Hancock,erika01@example.com,239 Roy Parkway Apt. 843,New Christytown,Wisconsin,French Southern Territories
525,Ernest,Johnson,kevinmartin@example.net,53894 Lydia Springs,Lake Garretthaven,Minnesota,Ethiopia
526,Jonathan,Reyes,marie51@example.com,968 Murphy Club Suite 997,Port Robertside,Oregon,Timor-Leste
527,James,Wilson,paulamcgrath@example.net,6657 Day Station Apt. 575,Jacksonmouth,Virginia,Falkland Islands (Malvinas)
528,Thomas,Castillo,joseph72@example.com,957 Cardenas Glens,Jonesville,Maryland,Dominican Republic
529,Gina,Pham,teresa64@example.com,4502 Rodgers Drives,Graytown,Florida,Armenia
530,Chad,Tyler,simpsoncurtis@example.net,522 Gentry Ridges,Lauraborough,Vermont,Mauritania
531,Michael,Lopez,lawrence15@example.org,72661 Wilcox Isle Suite 037,North Tinaborough,Idaho,San Marino
532,Kristina,Garcia,billy81@example.org,1553 Daugherty Cove Apt. 132,Justinfort,Colorado,Puerto Rico
533,Jared,Weiss,ryancharles@example.org,59186 King Islands,Matthewton,Hawaii,Marshall Islands
534,Jared,Hicks,michael38@example.net,694 Dunn Springs Suite 911,North Annetteville,Connecticut,Montserrat
535,Michelle,Garcia,imendoza@example.org,512 Heather Ramp Apt. 487,Davisland,Montana,Trinidad and Tobago
536,David,Morris,lewisbrittany@example.com,64505 Pollard Walk Suite 435,North Jacob,Washington,Wallis and Futuna
537,Anthony,Rios,qvaughn@example.net,8314 Porter Forest,Nicoleland,New Hampshire,Dominica
538,James,Ramirez,wfowler@example.org,564 James Divide Apt. 888,Graceland,Mississippi,Qatar
539,Anthony,Davis,reidsusan@example.com,5339 Bell Ways Apt. 622,South Juliaport,Maine,Singapore
540,Kevin,Hawkins,melissa90@example.org,157 Robert Avenue,Petersonville,Alaska,Niger
541,David,Guerrero,richardsonamy@example.net,416 Thompson Islands,East Maria,Alabama,Egypt
542,James,Hall,rayjoshua@example.org,891 Kelly Fall,Port Marthaside,Massachusetts,Panama
543,Taylor,Shelton,elizabethreed@example.net,7428 Patrick Brooks,New Franciscohaven,Pennsylvania,Ethiopia
544,Luke,Morales,econrad@example.net,958 Wilkerson Walk,Garciaborough,Minnesota,Mauritius
545,Sarah,Jennings,brianna90@example.org,8890 Danielle Court,Scottport,Hawaii,Bahrain
546,Alexa,Hall,blane@example.org,00530 John Plains,South Andrea,Arizona,Brazil
547,Daisy,Perez,williamholland@example.net,24509 Bowers Motorway Suite 526,Lake Donaldstad,Virginia,Cambodia
548,Valerie,Sloan,terrismith@example.net,511 Isaiah Parks Suite 864,Brownfort,Illinois,Russian Federation
549,Tami,Murray,howardamanda@example.net,5248 Williams Mall Suite 813,Christopherfurt,Vermont,Svalbard & Jan Mayen Islands
550,Courtney,Mueller,florescarol@example.com,371 Mata Springs Suite 340,East Lorraine,Indiana,Bhutan
551,Jeanette,Sanders,knightjacob@example.com,5431 Richard Bypass,Turnerton,Illinois,Antarctica (the territory South of 60 deg S)
552,Michael,Smith,lauraroberts@example.com,21598 Kimberly Locks Suite 367,Matthewsborough,Texas,Taiwan
553,Joshua,Collins,wfoster@example.org,766 Julie Cliffs,Valerieburgh,Wyoming,French Polynesia
554,Michael,Morrison,vegajohn@example.com,053 Kelly Row,Millertown,Alabama,Namibia
555,Randy,Campbell,johnsoncindy@example.com,110 West Squares,Phambury,Vermont,Samoa
556,Jessica,Romero,rochavirginia@example.com,5143 Debbie Ville Suite 299,Lake Darrell,Arizona,Zimbabwe
557,Jason,Martin,kimberlyhunt@example.org,1029 Sherry Mountains Suite 530,Colemanstad,Maryland,France
558,William,Gentry,nandrews@example.net,1669 Mike Trail Apt. 642,Port Joshuamouth,Oklahoma,French Polynesia
559,Jeffery,Brown,campbellamanda@example.net,38414 Smith Drive,Sandraland,Georgia,United Arab Emirates
560,Gregory,Taylor,wpalmer@example.com,82448 William Wall Suite 697,North Rachaelhaven,Rhode Island,Kazakhstan
561,Juan,Mckinney,nicole84@example.org,0379 Linda Hill Suite 509,Riveraview,Alabama,Monaco
562,Ryan,Wolf,evelyn28@example.org,2872 Howard Rapids Suite 097,Chanmouth,Tennessee,Nepal
563,Laura,Fernandez,kevin92@example.org,44407 Paul Greens,Joshuafurt,Florida,Heard Island and McDonald Islands
564,Dennis,Collier,montoyaroy@example.org,20616 Jason Place Apt. 834,East Shawn,North Dakota,Dominican Republic
565,Patrick,Lopez,rebekahfranklin@example.org,11477 Rose Union,West Allen,Massachusetts,Micronesia
566,Maria,Brown,melissa15@example.net,3640 Cynthia Canyon Suite 504,South Jason,Florida,Gibraltar
567,Nancy,Wilson,usmith@example.com,71033 Rebecca Vista,West Julieburgh,Wyoming,Belize
568,Kenneth,Barnett,ifriedman@example.com,69757 Shannon Row Apt. 330,West Tina,Illinois,Kenya
569,Sheila,Jones,melissakeith@example.com,100 Montgomery Village Apt. 588,West Jessicaview,Alaska,Eritrea
570,Christopher,Horton,wilsonsteven@example.com,09918 Johnson Square Suite 742,East Elizabethland,New Hampshire,Thailand
571,Brandy,Carpenter,emilyleon@example.org,75104 Cindy Roads,North Nicoleville,New Mexico,Spain
572,Clayton,Weiss,richardmcgrath@example.net,3551 Mary Loaf,Adamsmouth,Maine,Solomon Islands
573,Nicholas,Hill,nowens@example.com,0043 Rowe Harbors,Obrientown,Kansas,Papua New Guinea
574,Melissa,Walker,jjohnson@example.com,97591 Derek Forges Apt. 540,Port Bryanmouth,Connecticut,Micronesia
575,Angela,Thomas,taylorgregory@example.com,2617 Cochran Roads Apt. 737,Davidport,Kentucky,Indonesia
576,Jacob,Gomez,efoster@example.org,38934 Oconnor Canyon,Jenkinsberg,Louisiana,Spain
577,Leah,White,michael32@example.org,982 Lopez Village,Briggsview,Minnesota,Uganda
578,James,Wilson,justinweber@example.net,110 Sims Stravenue,New Jessica,West Virginia,Jordan
579,Jeremy,Richards,ythomas@example.net,05182 Anthony Keys,Taylorburgh,Vermont,Malawi
580,Anna,Jones,daniel43@example.com,8003 Kramer Locks Apt. 320,Port Kenneth,Colorado,Honduras
581,Heather,Shaw,solisdanielle@example.net,18061 Jennifer Pass,South Justin,Vermont,Saudi Arabia
582,Anne,Lewis,amy38@example.com,986 Crystal Street,Lake Paul,New Jersey,Portugal
583,Laurie,Jenkins,darrenrichardson@example.net,5757 Odonnell Row Suite 163,Halltown,Missouri,Andorra
584,James,Johnson,campbelljonathan@example.net,813 Stephen Dale,Brendanstad,North Carolina,Malta
585,Robin,Knox,melissa69@example.net,5764 White Squares Apt. 911,Johnnymouth,Massachusetts,Afghanistan
586,Sherry,Jones,qlarson@example.com,07473 Kevin Unions,Rebeccaberg,California,Dominican Republic
587,Ellen,Oliver,tiffany70@example.com,3099 Brown Expressway,West Connie,Arizona,Georgia
588,Mckenzie,Allen,gsmith@example.com,0913 Bell Summit,West Kimberly,New Hampshire,Netherlands
589,Scott,Fuller,mgillespie@example.org,79137 Rivera Brooks,Fernandoland,Vermont,Micronesia
590,Mark,Pratt,jacquelineharris@example.com,14413 Joshua Stream Suite 314,North Timothy,New Mexico,Togo
591,William,Johnson,fcoleman@example.com,7133 David Rest,Ryanfort,North Dakota,Haiti
592,Timothy,Stewart,megan56@example.org,378 Tammie Creek,Haleychester,Hawaii,New Caledonia
593,William,Drake,andrew74@example.org,07323 Mann Valleys,North Brendan,New Jersey,Canada
594,Dean,Wilkerson,owoodard@example.com,5456 Reginald Stravenue Apt. 838,West Diamond,Louisiana,India
595,Bernard,Norton,kirstenanderson@example.org,51822 Nicholas Oval,Port Scott,Alabama,Guernsey
596,Heather,Ramirez,steven66@example.net,51298 Sarah Rue Suite 969,Javierbury,Wisconsin,Georgia
597,Robert,Kaufman,jameswilliam@example.net,9762 Allen Isle,Katelynport,Delaware,Nauru
598,Jane,Gibson,alexandria67@example.net,49711 Washington Radial Suite 963,West Scottbury,Mississippi,Rwanda
599,William,Sullivan,rodriguezjames@example.com,023 Lewis Valleys,West Mathewburgh,Rhode Island,Canada
600,John,Lopez,mariowilliams@example.net,646 Henderson Manor,Kimborough,Pennsylvania,Faroe Islands
601,Alexa,Mitchell,cabrerakevin@example.net,218 Bell Roads,Brennanshire,Maryland,Niger
602,Debra,Berger,townsendgabriel@example.org,31143 Thomas Knolls Suite 086,Lake Robertmouth,New York,Mozambique
603,Nicole,Wells,smithdonna@example.net,285 Banks Landing,East Alexandria,Oklahoma,Bosnia and Herzegovina
604,Kristen,Craig,nrivera@example.org,0416 Elizabeth Road Suite 542,Kingchester,Nebraska,Greece
605,Jeffrey,Murray,dmckay@example.net,227 Sandra Harbors Suite 924,Rodgersberg,Hawaii,Lao People's Democratic Republic
606,Jennifer,Hill,stanleygreen@example.net,351 Smith Spur Suite 038,Huffmanburgh,North Carolina,Haiti
607,Brandon,Swanson,jchavez@example.net,448 Little Grove Suite 065,Maryburgh,Ohio,Kyrgyz Republic
608,Margaret,Chavez,lunaandrew@example.com,38894 Martinez Oval Apt. 945,East Audreymouth,Illinois,Croatia
609,Jonathan,Martinez,jjames@example.com,576 Garcia Circles Suite 417,North Carolynmouth,New Jersey,Faroe Islands
610,Joshua,Horton,amy24@example.net,09630 Thomas Flats Apt. 382,Brewerberg,Louisiana,Israel
611,Jennifer,Powers,betty20@example.com,832 Martinez Ridges Apt. 541,Port Garrettfort,South Dakota,Romania
612,Leroy,White,brockrobert@example.com,159 Joseph Prairie,Courtneyhaven,New Hampshire,Zimbabwe
613,Kristin,Cook,brad72@example.net,455 Jeffrey Plaza,North Melissa,California,Lesotho
614,Trevor,Frank,madison71@example.com,3119 Brown Pines,East Kathleenhaven,Colorado,Wallis and Futuna
615,April,Paul,churchalexander@example.net,971 Gray Ports Suite 770,Port Shannonfort,California,Nauru
616,Maureen,May,loripatel@example.com,4840 Morales Avenue Suite 064,Leonmouth,Arizona,Belarus
617,Steven,Cunningham,fharris@example.org,9587 Sean Point,New Alexandra,Arizona,French Guiana
618,Steven,Kennedy,robinsonashley@example.net,8126 Frank Circles Apt. 708,Hardymouth,Virginia,Montenegro
619,John,Hunt,daviscourtney@example.net,2421 Felicia Path Suite 812,Richmondstad,Tennessee,British Indian Ocean Territory (Chagos Archipelago)
620,Suzanne,Harris,juanbrown@example.com,264 Mitchell Village,South Jessica,Florida,Costa Rica
621,Amy,Maxwell,randallrebecca@example.net,7353 Walter Bridge,Thomasmouth,Louisiana,United Kingdom
622,Vincent,Howe,bmedina@example.com,7984 Smith Land Suite 513,Dawnberg,Delaware,Pitcairn Islands
623,Keith,Carpenter,michelle66@example.com,6715 Heather Ford Apt. 381,Floreston,Tennessee,Peru
624,Sean,Taylor,jchambers@example.com,851 Parsons Forks Suite 813,West Ronald,Washington,Austria
625,Cheryl,Horne,montesjulia@example.org,5056 Gerald Gardens Apt. 459,Port Amymouth,New York,Bulgaria
626,Laura,Lane,vferguson@example.net,5620 Tyler Inlet Apt. 926,Williamsstad,Illinois,Hungary
627,Stephanie,Brewer,bryanlee@example.com,6004 Belinda Turnpike Apt. 153,New Ralph,Nebraska,Holy See (Vatican City State)
628,Kathy,Durham,philipsteele@example.net,79726 Joshua Station,Rodriguezmouth,Nevada,Latvia
629,Megan,Williams,clarkejoseph@example.org,3762 Webster Forest,North Shelby,Pennsylvania,Gabon
630,Lauren,Keller,derek90@example.org,6286 Lauren Squares Apt. 096,Grahamfurt,Hawaii,Togo
631,Veronica,Edwards,todd71@example.com,885 Roth Passage,Stephenville,New York,Benin
632,Kimberly,Murray,joneswilliam@example.net,207 Johnson Landing Apt. 500,Lake Julie,Alaska,Malta
633,Andrew,Reyes,smithsandra@example.net,87892 Martin Motorway Apt. 917,Sotomouth,California,Uganda
634,Yesenia,Zamora,srichardson@example.com,70912 Turner Walk Suite 492,Evansfort,Georgia,Philippines
635,Amy,Fisher,eallen@example.org,5098 Harding Fork Apt. 443,Aprilton,Alaska,Norway
636,Leah,Murphy,michael89@example.org,79137 Bryant Wall,Taylormouth,North Dakota,Eritrea
637,Denise,Peterson,chavezcatherine@example.org,4131 Roy Tunnel Apt. 364,Goodberg,Utah,Montenegro
638,Sharon,Buckley,nicolemendoza@example.org,880 Franklin Ports,Bennettside,Kansas,Lesotho
639,Brandon,Franco,cpatterson@example.org,35322 Matthew Skyway Suite 531,Randallmouth,Vermont,Sri Lanka
640,Kyle,White,xlara@example.org,4798 Scott Mountains Apt. 387,Michaelside,North Dakota,Northern Mariana Islands
641,Mackenzie,Jordan,lwilliams@example.org,4625 Paul Loaf,Sarahberg,Iowa,United Arab Emirates
642,Andrew,Moore,garrettclaudia@example.net,39815 Hall Stream,Spenceland,Mississippi,Saint Pierre and Miquelon
643,Carrie,Hicks,penny25@example.com,50750 Johns Street,Lake Christophershire,New Mexico,Singapore
644,Andrew,Molina,jordan66@example.com,530 Alexander Mountains Suite 590,Campbellberg,Maine,Central African Republic
645,Ashley,Lee,lduffy@example.net,5220 Flynn Divide Apt. 563,South Robert,Virginia,Suriname
646,Eric,Stephens,jayleon@example.org,2459 Garza Club Apt. 208,Welchland,Massachusetts,Malta
647,John,Stewart,alexandergrace@example.net,00228 Cruz Island,Lake Marymouth,Michigan,Korea
648,Paul,Ortega,awatson@example.net,642 Hill Stream,Smithport,South Dakota,Kazakhstan
649,Jack,Turner,shannonbrooks@example.org,49936 Hart Parkway Apt. 135,New Joycestad,Ohio,Guinea
650,Ashley,Brooks,patriciayoung@example.org,150 Wood Throughway,Lake Julie,Louisiana,Georgia
651,Michael,White,jessica83@example.net,44960 Dyer Rest,Hoffmanview,Idaho,Chad
652,Julia,Phillips,rachael97@example.com,4645 Welch Valleys,Brianberg,Nevada,Tonga
653,Michele,Espinoza,grobinson@example.com,6459 Tracy Forge,Port Antoniohaven,Illinois,Iraq
654,Cassandra,Leach,morrisonsandra@example.org,50198 April Field Suite 891,Stephenburgh,West Virginia,Saudi Arabia
655,Edward,Thomas,xreeves@example.com,256 Stacy Mountain,Katherineshire,Arizona,Cook Islands
656,Christine,George,jessicahoward@example.org,0836 Schultz Shores Apt. 929,Candicefurt,North Dakota,Hungary
657,Kristin,Page,thompsongary@example.net,699 Chapman Falls Suite 350,Markville,Missouri,Reunion
658,Anna,Wilson,jillrivera@example.net,88577 James Union Apt. 226,Andrewfurt,Arizona,Yemen
659,Robert,Santos,jennifer12@example.net,4184 Johnson Stravenue,Nicholsshire,Wyoming,Antigua and Barbuda
660,John,Davis,matthew75@example.net,90292 William Junction,Anthonyhaven,Idaho,Colombia
661,Daniel,Johnson,andrew80@example.org,98953 Laura Manors,New Janetstad,Alaska,Honduras
662,Daniel,Nixon,michael82@example.com,853 Patterson Mount Apt. 282,North Robert,Alabama,Nepal
663,Robin,Mcclain,zacharynewman@example.net,3226 Lawrence Springs Apt. 596,North Katherineport,Arizona,Denmark
664,Michael,Atkins,dawn73@example.org,4392 Stephens Gateway,North Taylor,Pennsylvania,Congo
665,Martin,Taylor,kimberlysmith@example.com,401 Brittany Flat Apt. 458,Campbellfurt,Nebraska,Saudi Arabia
666,Glenda,Stevens,yrivera@example.net,10602 Barnett Row Suite 883,Burgessshire,Rhode Island,Israel
667,Cory,Snow,davidbrown@example.org,458 Salazar Shoal Suite 109,West Marissa,Hawaii,Germany
668,Shane,Carter,vriley@example.net,673 Peggy Estate,Roberthaven,Vermont,Korea
669,Martha,Stout,edwardsdaniel@example.net,640 Erik Ranch Apt. 734,Port Masonfurt,Alaska,Seychelles
670,James,West,saramonroe@example.net,8063 Megan Summit Suite 197,Bellfurt,North Carolina,Martinique
671,Hunter,Murphy,cameron90@example.net,761 Whitney Junction,Brewershire,Mississippi,Holy See (Vatican City State)
672,Ryan,Garcia,kennethfloyd@example.net,5548 Keith Vista Apt. 523,East Jaredfort,Indiana,Angola
673,Jason,Burch,cameron38@example.org,486 Adams Loop Suite 063,Lake Andrew,Kentucky,Greenland
674,Scott,Vaughan,mtaylor@example.com,407 Alvarez Garden,Garciaton,Kansas,Mexico
675,James,Ramirez,ginasweeney@example.com,09323 Weber Skyway Suite 639,Lake Briannahaven,Iowa,Taiwan
676,Julian,Kirk,kevin32@example.net,1600 James Ports,Shawnton,New Hampshire,Haiti
677,Stephen,Sanchez,millerdavid@example.org,185 Austin Grove,Port Dustinbury,Massachusetts,New Zealand
678,Tonya,Mitchell,vkelley@example.org,84815 Haley Mews,New Ashley,West Virginia,Iceland
679,Natasha,Castro,amandaortiz@example.com,95522 Jeffrey Mall,Amandaborough,Alaska,Czech Republic
680,Brian,Perez,jamie12@example.com,629 Campos Drives Apt. 303,Anthonyborough,Montana,Japan
681,Maria,Graham,christopherlara@example.net,469 Kaitlin Forge,Coopermouth,Vermont,Austria
682,Madison,Lloyd,mckinneyanthony@example.com,59858 Rebecca Camp,Brownberg,West Virginia,Sierra Leone
683,Kimberly,Bowen,qtucker@example.org,99366 Caroline Viaduct,Angieton,Ohio,Tanzania
684,Rhonda,Anthony,xmcpherson@example.net,02259 Dale Route,Roberthaven,Utah,Brazil
685,Kyle,Sandoval,wlynch@example.net,717 Chavez Port,Lake Courtney,North Dakota,Tuvalu
686,Darryl,Johnson,jared16@example.com,46639 Jason Cape,North Mary,Mississippi,New Zealand
687,Carla,Hale,carrollelizabeth@example.com,8811 Martinez Meadows,Elizabethbury,Rhode Island,Somalia
688,Andrew,Smith,williamsaaron@example.net,461 Todd Valley,New Sandra,Virginia,Djibouti
689,Brian,Fields,awalsh@example.net,916 Stewart Islands Suite 792,South Lori,Vermont,Myanmar
690,Alyssa,Mueller,beanvirginia@example.org,2842 Curtis Parks,Carlsonburgh,Delaware,Togo
691,Sean,Goodman,bramsey@example.com,61028 Fleming Ferry Suite 204,New Kathleenberg,Alaska,Poland
692,Francis,Ramirez,floresrichard@example.com,21102 Avery Ports,East Jenniferland,Maryland,Dominican Republic
693,Catherine,Hodge,albert53@example.org,944 Patel Locks,Frankside,Texas,Azerbaijan
694,Jennifer,Rasmussen,jeremy88@example.net,3583 Michael Summit,Lake Jessica,Tennessee,France
695,Rachel,Riley,adamssamantha@example.net,30530 Melissa Squares Suite 341,Millerton,Florida,Greece
696,Heather,Willis,sandersearl@example.com,02929 Christine Curve Apt. 335,East Juan,New Jersey,Niue
697,Lori,Castillo,amy02@example.com,80509 Phillips Drive Suite 143,Reedfort,New Jersey,Serbia
698,Bradley,Thomas,hoodgregory@example.com,24979 Armstrong Center,West Alexandramouth,Oregon,Netherlands Antilles
699,Andrew,Krause,kara82@example.com,463 Hughes Lock Apt. 471,South Glennburgh,California,Cayman Islands
700,Derrick,Espinoza,alexismorgan@example.org,55576 Justin Glen Apt. 873,East Jose,South Dakota,Korea
701,Tina,Jackson,trujillobenjamin@example.net,631 John Stream Apt. 220,North Richard,Alabama,Gibraltar
702,Thomas,Barnes,gabrielavargas@example.org,3671 Rhonda Field Suite 237,Jeffreyfurt,Arkansas,Cambodia
703,Megan,White,katherineoneal@example.com,0112 Sean Lodge Suite 485,Michaelville,Florida,Jersey
704,Wendy,Burton,dustincollier@example.org,539 Charles Flats,New Timothyborough,Maryland,Holy See (Vatican City State)
705,Lauren,Hayes,jeremy17@example.org,88848 Martinez Crossing,New Carolyn,Oregon,Sierra Leone
706,Aaron,Stein,mitchellzoe@example.com,891 Allen Lock,Jonathanmouth,Oregon,Guinea
707,Justin,Rose,stonealyssa@example.net,417 Peters Green,Port Eric,Minnesota,Kuwait
708,Tyrone,Nguyen,rachaeltapia@example.net,169 Johnson Point,South Christinabury,Colorado,Georgia
709,Timothy,Murphy,kochrachel@example.com,76586 Kelli Haven Apt. 778,Morenoton,Michigan,Lithuania
710,Jessica,Mosley,vmcpherson@example.net,10472 Mahoney Ford Apt. 670,North Henry,Virginia,Panama
711,Mark,Leonard,thomasperkins@example.org,32477 Ronald Summit Apt. 617,Freemanberg,Arizona,Bhutan
712,Christopher,Smith,christina35@example.com,9099 Rebecca Hills,Angelafort,Ohio,Nepal
713,Colleen,Collins,smithnicholas@example.com,946 Cameron Groves Suite 641,Summersberg,Oregon,Hong Kong
714,Thomas,Smith,john51@example.com,718 Michael Forest Suite 194,New Scottborough,Kansas,Paraguay
715,Haley,Bennett,michael70@example.com,953 Martin Rue Apt. 201,Phillipsshire,Vermont,Nicaragua
716,Jerome,Smith,tiffany51@example.net,339 Christopher Plaza Suite 982,Simmonsborough,Connecticut,Iran
717,Philip,Jones,cchapman@example.net,3464 Garcia Tunnel,Justinborough,Ohio,Sudan
718,Amy,Wilson,jillburns@example.org,422 Audrey Parks,Rosefort,Missouri,Kiribati
719,Alyssa,Guerra,awhite@example.org,6373 Crystal Flats,Gregoryshire,Washington,Saint Kitts and Nevis
720,Kevin,Wallace,markbecker@example.com,5127 Daniel Stravenue,Bryantside,Kansas,Bahamas
721,Melissa,Gonzalez,vhall@example.org,596 Wise Inlet,South Leahberg,Montana,Jersey
722,Holly,Duncan,archerkyle@example.com,6180 Myers Burg Suite 673,East Emily,Virginia,Saint Lucia
723,Alan,Horton,lgonzalez@example.com,4798 Michael Court Apt. 972,Johnshire,Delaware,Kiribati
724,Justin,Harris,wendythompson@example.org,638 Emily Pass Apt. 012,Garnerborough,Florida,Greenland
725,Megan,Rose,shannon93@example.org,2096 Elizabeth Extensions,Catherinebury,Mississippi,Estonia
726,Jade,Powell,plopez@example.com,1580 Jennifer Ramp,East Alejandrotown,Montana,Tuvalu
727,Nicholas,French,evanshannah@example.net,917 Gomez Expressway Suite 830,Patrickview,Idaho,Falkland Islands (Malvinas)
728,Nicole,Alvarez,jessica46@example.com,49826 Jeffrey Squares,South Michelle,New York,Hong Kong
729,Jamie,Lynch,handerson@example.org,4689 Christian Common,Michelleport,West Virginia,United Kingdom
730,Edward,Oconnell,kingjeremy@example.org,23676 Larsen Plaza Suite 703,Brianfort,Nebraska,Albania
731,Karen,Steele,vgeorge@example.net,23650 Davis Circles Apt. 891,Ryanburgh,Hawaii,Tokelau
732,Karen,Diaz,crystal11@example.com,33051 Whitehead Island Apt. 284,Ramseyshire,Nebraska,Liechtenstein
733,Victoria,Sanford,kathleen49@example.net,93017 Hamilton Mount,West Howard,Maine,Israel
734,Martha,Clay,mcphersonstephen@example.com,27604 Nicole Parks,North Tiffany,Wisconsin,Cayman Islands
735,Alyssa,Powell,eguerrero@example.org,6980 Alfred Loop,Samanthashire,Oregon,Austria
736,Adam,Bartlett,ikim@example.org,1371 Holly Canyon Apt. 449,Lake Julieton,Indiana,Haiti
737,Lori,Fisher,annette06@example.org,25380 Fuller Junctions,Port Jorge,Connecticut,Bangladesh
738,Shawn,Williams,utaylor@example.com,5448 Cole Mall Suite 965,South Moniqueville,Hawaii,Iceland
739,Clinton,Arias,zunigajoseph@example.net,9719 Katrina Loaf,Pearsonton,Rhode Island,Lao People's Democratic Republic
740,Nicole,Howell,miaterry@example.net,42371 Donna Junction Apt. 484,New Ashley,New Hampshire,Ghana
741,Stephen,Castaneda,wadecassandra@example.com,56429 Christina Lock,Tiffanyhaven,Wyoming,Botswana
742,Lindsey,Goodwin,dburns@example.com,535 Courtney Inlet Suite 573,Bradleystad,Missouri,Guatemala
743,James,Gregory,sandysmith@example.net,276 Schultz Route,Lake Erik,Mississippi,Malta
744,Wendy,Ho,jennifershelton@example.org,65487 Graham Fork,Perkinsview,Wisconsin,Hungary
745,Vincent,Garrison,millermelanie@example.com,20781 Fisher Motorway Apt. 071,Harrymouth,South Dakota,Bangladesh
746,Michael,Carey,ywelch@example.net,615 White Circles Apt. 871,Davidmouth,Tennessee,Uzbekistan
747,Parker,Santos,abrown@example.org,932 Gonzalez Fords Apt. 994,Annafurt,North Dakota,Sao Tome and Principe
748,Eric,Hernandez,kayla95@example.org,040 David Lights Apt. 836,South Samanthaville,Mississippi,Italy
749,Ronald,Compton,kylemejia@example.org,4136 Lopez Prairie,Lake Barbara,Idaho,Bermuda
750,Susan,Phillips,cfranklin@example.com,8256 Brown Landing,Lorishire,Alaska,Netherlands Antilles
751,Glenda,Smith,ericwilliams@example.org,84602 Holloway Tunnel Apt. 905,Lake Brianburgh,Nevada,Burundi
752,Kevin,Smith,currywilliam@example.com,86159 Trevor Shoals Apt. 512,Thompsonfurt,West Virginia,Kyrgyz Republic
753,Sandra,Lopez,bstokes@example.org,24814 Bass Haven,Kiddside,Connecticut,Djibouti
754,Lisa,Wilkinson,christiangreen@example.org,480 Alexander Wells,Port Patrickton,North Carolina,Bahamas
755,Christopher,Soto,ndixon@example.net,092 Rojas Rest,New Danielbury,Oregon,Burundi
756,Kristina,Hickman,theresa96@example.net,3036 Pamela Summit Apt. 106,Catherineberg,Maine,Grenada
757,Anne,Lewis,ericapayne@example.net,3787 Jones Valley Apt. 194,Amandafurt,Rhode Island,Montenegro
758,George,Phillips,stephanie05@example.com,5210 William Roads Apt. 286,South Mitchell,Virginia,Liberia
759,Amy,Wheeler,nrobertson@example.net,876 Myers Tunnel Suite 540,Reyeschester,Kansas,Tanzania
760,Ethan,Grant,hernandezchristopher@example.com,2460 Beltran Villages,Sabrinatown,Massachusetts,Costa Rica
761,Cheryl,Hicks,michael51@example.org,05865 Briana Plain,New Rubenchester,Oregon,Chile
762,Katelyn,Marsh,davidmoore@example.net,67706 Crystal Summit,South Courtney,Rhode Island,Portugal
763,Jesse,Padilla,stacy87@example.net,14100 Matthew Lodge,Jasonport,Illinois,Uzbekistan
764,Christine,Simpson,anthony30@example.org,364 Whitney Summit Suite 038,Port Ashley,Minnesota,Malaysia
765,Brian,Arroyo,thomasalyssa@example.org,4894 Robinson Light Apt. 409,Thomastown,Wyoming,Mexico
766,Jasmine,Mendoza,mjordan@example.org,29501 Zachary Center Apt. 610,East Joshua,Mississippi,Guam
767,Wendy,Gates,jessicaboyd@example.org,99920 Wolf Junctions Apt. 439,Lindafurt,New Hampshire,Lithuania
768,Ryan,Buck,qsullivan@example.com,607 Cody Centers Suite 290,Donnafurt,Alabama,Sri Lanka
769,Matthew,Park,kcampbell@example.com,6348 Joseph Squares Apt. 324,West Megan,Texas,Costa Rica
770,Matthew,Hanson,bennetteric@example.org,565 Nicole Place,Morganborough,Wyoming,Moldova
771,Lori,Merritt,ijohnson@example.org,213 Skinner Tunnel,Christophershire,Tennessee,Finland
772,Charles,Gonzalez,dianawilliams@example.com,4873 Young Junctions Suite 492,Harperburgh,Iowa,South Georgia and the South Sandwich Islands
773,Samantha,Brown,courtneynorton@example.com,1149 Rodriguez Stream Apt. 132,Brightbury,North Carolina,Angola
774,Richard,Harmon,sarahweber@example.com,025 Nguyen Viaduct Apt. 472,Kevinmouth,Arizona,Peru
775,Jonathan,Castro,strongjames@example.com,791 Alexis Overpass Suite 581,Paulchester,Alabama,Jamaica
776,Peter,Collins,greenejohn@example.org,2594 Austin Underpass Apt. 726,Stewartfort,Iowa,Poland
777,Eric,Edwards,donaldclark@example.com,696 Timothy Burg,Barreraside,Massachusetts,Saudi Arabia
778,Matthew,Mcdaniel,robin34@example.net,6257 Jennifer Crest,Moorehaven,Michigan,Suriname
779,Karen,Long,phillipscarrie@example.org,868 Michael Pike,South Aaronmouth,Alabama,Holy See (Vatican City State)
780,Nicholas,Mcknight,rpeterson@example.org,6528 White Viaduct,Johnsonmouth,North Carolina,Israel
781,Lee,Dominguez,karenstevenson@example.com,3795 Keller Shoals,Port Markshire,Connecticut,Mali
782,Shannon,Robinson,eric34@example.net,064 Angela Flat Apt. 517,North John,Nevada,United States of America
783,Patricia,Perkins,douglasgonzalez@example.net,74344 Rios Ports Apt. 272,East Allison,Texas,Niue
784,Travis,Johnson,rebecca50@example.net,019 Lara Pass,Kelliside,Minnesota,United States of America
785,Jodi,Larson,hobbslori@example.org,600 Marquez Stravenue,New Lisa,Utah,Saint Barthelemy
786,Albert,Allen,ebryant@example.org,4130 Dennis Points Apt. 815,Michealport,New York,Peru
787,Erin,Skinner,janice48@example.net,179 Rice Summit,West Erikfurt,Oklahoma,Bosnia and Herzegovina
788,David,Hunt,jwilliams@example.org,1200 Ann Road,East Deborahborough,Pennsylvania,Swaziland
789,Katie,White,jroberts@example.com,5248 Alan Haven Suite 776,Lake Audreychester,Pennsylvania,Togo
790,Steven,Hansen,mrobertson@example.org,0713 Strong Pine,East Joshua,Illinois,Saint Kitts and Nevis
791,Paul,Hamilton,pharris@example.com,7424 Dominic Fort Suite 462,West Lori,South Carolina,Bhutan
792,Joseph,Newman,lisarobinson@example.org,37120 Trevor Gateway,North Juan,Vermont,Suriname
793,Marie,Collins,fpowell@example.net,6001 Robert Fords Apt. 684,New Laurie,Missouri,Antigua and Barbuda
794,Megan,Price,munozgary@example.com,52797 Brandon Plains,Heathville,Maryland,Armenia
795,Laurie,Riddle,craigmichael@example.org,08583 Hoffman Squares,North Isabel,South Carolina,Zimbabwe
796,David,Johnson,hernandezbrett@example.com,97424 Kim Key,North Jessica,Hawaii,Lebanon
797,Peter,Stanton,qchavez@example.com,205 Patrick Burg,Aguilarchester,Kansas,Norfolk Island
798,Nicholas,Parker,alexandernelson@example.com,440 James Ranch Apt. 560,North Gina,Iowa,Serbia
799,Catherine,Oliver,xriley@example.org,0376 William Route,Angelafort,Illinois,Comoros
800,James,Weber,clarkdaniel@example.org,1596 Michael Common Suite 621,Onealberg,New Mexico,Nigeria
801,Christopher,Adams,fgarza@example.org,46098 Young Causeway,Thomasmouth,Arizona,Indonesia
802,Kelli,Chavez,rtran@example.com,69817 Grant Corners,South Veronicabury,Virginia,Mongolia
803,Jesus,Black,manuelcastro@example.org,982 Jeffrey Plaza Apt. 813,West Heather,Wisconsin,Reunion
804,Peter,Henry,hermankatie@example.com,3928 Lisa Run Apt. 955,New Tyler,North Dakota,Philippines
805,Jason,Walker,ronniegonzalez@example.org,390 Tyler Stream Suite 359,East Erikaside,New Mexico,Mali
806,Anne,Rivera,tamaraellis@example.net,878 Todd Mews Suite 020,Port Marcusmouth,Mississippi,United States Minor Outlying Islands
807,Kathryn,Montgomery,perezjose@example.net,006 Christopher Creek Apt. 196,Lake Joshua,Colorado,Nicaragua
808,Darrell,Parker,cruzgerald@example.org,7886 Martinez Motorway Suite 143,Careyside,Idaho,Marshall Islands
809,Ryan,Smith,ecoffey@example.net,224 Thornton Plaza Apt. 700,Marioview,North Carolina,Germany
810,Crystal,Moran,goldentimothy@example.com,8445 Pierce Forge Apt. 286,Torresmouth,South Dakota,Wallis and Futuna
811,Patrick,Michael,boydedgar@example.org,968 Hughes Branch,South Aaron,Vermont,Romania
812,Kyle,Richmond,robertcoffey@example.net,1856 Evan Park Apt. 249,Edwardville,Colorado,Central African Republic
813,Hector,Russo,carrieweber@example.com,36321 Lawson Road Suite 559,Port Rebeccachester,Ohio,Benin
814,Kristen,Moore,qfoster@example.com,7994 Wood Avenue,South Heatherfort,Connecticut,Sao Tome and Principe
815,Andrew,Morris,bryan98@example.org,047 Adams Isle Suite 853,Daltonbury,Alaska,Mozambique
816,Mark,Brewer,ashleyburns@example.net,4193 Karen Ferry Suite 178,Jesseville,Utah,Niger
817,Ryan,Davis,pmanning@example.net,3120 Mayo Lakes,New Michael,Florida,Morocco
818,James,Dyer,nicholasroberson@example.org,78753 Melinda Road Apt. 318,Lake Christopherstad,Connecticut,Korea
819,Sharon,Baker,stevenssharon@example.com,436 Anderson Park,West Kim,Rhode Island,British Virgin Islands
820,Stephanie,Robinson,edwardsteresa@example.org,72173 Karen Haven Apt. 279,Carlosberg,Wyoming,United Arab Emirates
821,Amanda,Giles,justin83@example.com,430 Jade Track,North Adam,New Jersey,Sri Lanka
822,Veronica,Barnes,alexis81@example.org,442 Kaufman Landing Suite 774,East Andrew,Missouri,Saint Helena
823,Carly,Marks,michael13@example.org,77219 Angela Viaduct,Port Lisa,Minnesota,Cayman Islands
824,Sean,Marsh,stephaniehodge@example.org,19349 Barton Forges,Moralesview,West Virginia,Nauru
825,Noah,Newton,mserrano@example.net,070 Rebecca Route,New Laurie,Michigan,Croatia
826,Crystal,Rivera,michellefernandez@example.org,499 Palmer Squares,Kimberlyhaven,Montana,Albania
827,Michael,Cantu,pmiller@example.com,4689 Alan Junctions Apt. 634,East Garrett,Illinois,Honduras
828,Justin,Sandoval,patrick65@example.org,3002 William Estates,West Dianahaven,South Carolina,Saint Martin
829,Ruth,Yoder,yaguilar@example.com,166 Ortiz Union Apt. 129,Williamshire,Arkansas,Montserrat
830,Katelyn,Garcia,tannerguerrero@example.net,7163 Rodriguez Island,Port Timothyberg,Arkansas,Saint Helena
831,Mandy,Evans,jessicaanderson@example.org,9432 Gross Ports Apt. 227,East Debraborough,Kansas,South Africa
832,Sandra,Lin,heathgail@example.org,839 Benson Road,Jimmychester,California,Morocco
833,Roy,Soto,torreslinda@example.org,13023 Stephen Heights,East Sethhaven,Alabama,Swaziland
834,Andrea,Davis,maxwell93@example.com,5785 Miranda Isle Suite 323,Hickschester,New Mexico,Nauru
835,Erin,Knight,knightemily@example.net,184 Anthony Throughway,Port Jennifer,Delaware,Isle of Man
836,Brenda,Cisneros,tcollier@example.net,80117 Evan Crossroad Suite 509,Katrinastad,New Hampshire,Botswana
837,Kelly,Cooper,tinalewis@example.org,5288 Heather Heights Apt. 144,West Allenview,South Dakota,Congo
838,Kelly,Andrade,joseph74@example.com,172 Casey Port Suite 516,New Rebeccatown,Mississippi,Bahrain
839,Donald,Robinson,qparker@example.org,55233 Caldwell Glen,Timothytown,Virginia,Guernsey
840,Miranda,Garcia,rowejeffrey@example.org,471 Craig Drive Apt. 832,East Jason,West Virginia,Micronesia
841,Emily,Murillo,ifloyd@example.net,036 Patricia Summit,West Ralphbury,Pennsylvania,Burkina Faso
842,Sandra,Dixon,lauraolson@example.org,99180 Jessica Spring,Bryanfurt,South Carolina,Cyprus
843,Thomas,Torres,richard03@example.com,985 Walker Flats Suite 526,Julieport,Montana,Saint Barthelemy
844,William,Lopez,robertmartin@example.net,2773 Wayne Row Apt. 946,Jeffreyfurt,Delaware,Djibouti
845,Randy,Frederick,elizabeth70@example.org,74606 Harris Parks Apt. 782,Leslieborough,South Dakota,Luxembourg
846,Danny,Martinez,boydclayton@example.org,949 Odonnell Walk,West Christopherfurt,Nevada,Fiji
847,Darren,Brown,weisswilliam@example.org,238 Jason Estate,East Michael,Texas,Kenya
848,Amy,Wright,courtneybarnes@example.com,08590 Emily Inlet,Amandafurt,Virginia,Saint Lucia
849,Joseph,Padilla,justin05@example.org,1578 Pamela Skyway,New Lisa,Missouri,Korea
850,Robert,Shaw,fwhitehead@example.net,324 Lopez Walk Suite 336,Raymondland,New York,Libyan Arab Jamahiriya
851,Donna,Knight,colin31@example.net,310 Cameron Court,New Debramouth,Utah,Croatia
852,James,Wilson,domingueztaylor@example.com,8689 Vincent Tunnel,Burchbury,New Jersey,Greece
853,Darryl,Mitchell,bgarner@example.org,18259 Mark Green Apt. 992,Williamport,Hawaii,Tonga
854,Joseph,Solomon,ocrawford@example.com,72205 Hamilton Mountain,Port Anthony,Mississippi,Chile
855,Mary,Martinez,vhensley@example.net,625 Alvarez Ville,North Jill,Utah,Bermuda
856,Sean,Faulkner,ncook@example.com,95137 Steven Pine Suite 249,Rodriguezbury,Arizona,Brazil
857,Barbara,Martin,lisamonroe@example.com,2044 Dawn Lodge,Sloanville,Pennsylvania,Guinea
858,Blake,Ayala,michellebuck@example.org,622 Kathryn Parkways,New Timothy,New Hampshire,Kenya
859,James,Juarez,deborah89@example.org,1988 Guerra Street,West Kathleen,New York,Moldova
860,Christopher,Ferguson,jenniferromero@example.net,66312 Ramirez Ports Apt. 483,West Mariaberg,Louisiana,Paraguay
861,Jennifer,Mahoney,allisonarmstrong@example.org,18003 Tucker Way,West Samuel,Arizona,Kyrgyz Republic
862,Ashley,Nelson,sarah85@example.com,056 Casey Shoals Suite 754,West Brooke,Delaware,Benin
863,Ashley,Greene,lisamoses@example.com,77763 Cheyenne Stream Suite 362,Port Shawnland,Oregon,Fiji
864,Amy,Roth,fpugh@example.net,353 Lucas Alley Apt. 769,Osbornview,Washington,Wallis and Futuna
865,Justin,Key,steelepaul@example.com,2981 David Unions Apt. 558,West Anthony,New Jersey,Guadeloupe
866,Juan,Dunn,amber71@example.org,609 Kevin Track Apt. 512,North David,Arizona,Togo
867,Oscar,Owens,odomholly@example.net,91353 Pierce Circles,Parkerton,Louisiana,Uzbekistan
868,Robert,Lowe,mooremark@example.org,8629 Mckinney Orchard,Lake Gregory,Kansas,Germany
869,Richard,Fernandez,pwoods@example.com,619 Diaz Bridge,East Petertown,North Carolina,Saint Vincent and the Grenadines
870,Laura,Hayden,higginsjeremy@example.org,02148 Timothy Throughway,New Kenneth,New Hampshire,French Polynesia
871,Samantha,Kaufman,steinjeremy@example.org,9899 Huffman Burg,Wigginsland,Ohio,Martinique
872,Joseph,Turner,chays@example.org,196 Shaw Junction,South Jasonshire,North Dakota,Italy
873,Jennifer,Webb,brandonwashington@example.org,1201 Mendoza Throughway Suite 002,North Michaelhaven,Wisconsin,Chile
874,Jacqueline,Parrish,brittany74@example.org,857 Allen Plain Suite 940,Port Kenneth,California,China
875,Aaron,Vazquez,simonmary@example.org,550 Ingram Springs Suite 919,New Davidville,New York,Peru
876,Ryan,Townsend,matthewschristy@example.com,05584 Lowe Corner,West Jessica,Virginia,Trinidad and Tobago
877,Kimberly,Fields,amanda24@example.net,1172 Bryan Villages,East Kimberly,Pennsylvania,Niue
878,James,Thomas,dixonkevin@example.net,03143 Johnny Causeway Suite 352,Williamsview,Oregon,Niger
879,Laura,Herman,roykim@example.org,3816 Benitez Rest,West Thomas,Oklahoma,Malaysia
880,Antonio,Adams,ucross@example.net,66239 Michael Rest,East Lori,Montana,Aruba
881,Jared,Davis,brent31@example.com,2223 Edward Ferry Suite 808,Reneefort,Hawaii,Latvia
882,Matthew,Ramirez,ronaldnelson@example.net,9605 Kathleen Skyway Apt. 627,Lake Chasestad,Delaware,Nicaragua
883,Renee,Young,jbradford@example.org,52329 Andre Way,Lake Kristenburgh,West Virginia,Russian Federation
884,Jared,Collins,sarah39@example.com,3834 Jennifer Station,Taraside,West Virginia,Namibia
885,Jason,Wright,christina22@example.org,52432 Jose Squares Apt. 616,South Rachel,Illinois,Comoros
886,Kendra,Harris,carrieoneill@example.com,854 Deanna Spurs Suite 917,Jonesview,Indiana,Saint Vincent and the Grenadines
887,Kevin,Larson,jclay@example.net,4820 Cook Camp Apt. 821,East Susan,New Hampshire,Saint Lucia
888,John,Duncan,russell31@example.net,9387 Mcdonald Curve,Markstad,Tennessee,Liberia
889,James,Rodriguez,jennifergonzalez@example.org,669 Robert Field Suite 099,West Stephanie,North Dakota,Belize
890,Andrea,Herman,kathleenjohnson@example.org,371 Trevor Roads,Lake Kevin,New York,Seychelles
891,Chris,Shelton,david78@example.com,78542 Teresa Field Suite 022,Connorfurt,Nebraska,Denmark
892,Julia,Martin,cassidycantrell@example.net,4372 Ryan Garden,Jamesview,South Dakota,France
893,Jerry,Roberts,robertroberts@example.org,1220 Meyer Village Suite 602,New Rodney,Alaska,Norfolk Island
894,Julie,Cooper,owoodard@example.org,9121 Christy Gateway,New Johnfort,Wyoming,Zimbabwe
895,Patrick,Williams,whiteamanda@example.com,576 Luis Hills,New Sheila,New Hampshire,Nauru
896,Jeffrey,Nguyen,mitchelllisa@example.org,85459 Lloyd Lodge Apt. 989,Wilcoxside,Illinois,Austria
897,Rachel,Walker,srobinson@example.net,6506 Andrew Lodge Apt. 492,Robertbury,Wyoming,Kyrgyz Republic
898,Tina,Hoover,matthewconley@example.org,664 Chelsea Islands,Rachelville,Arizona,Venezuela
899,Alexandra,Gutierrez,phenry@example.com,6190 Tracy Key,Wesleymouth,Virginia,Belize
900,Samantha,Phillips,ascott@example.com,645 Christina Roads,Davidchester,Arkansas,Myanmar
901,Matthew,Hart,williamsamanda@example.net,92104 Thomas Harbor,South Samuelland,North Dakota,Sweden
902,Amanda,Stevens,hayesluis@example.com,0216 Evans Orchard,New Shannonside,Louisiana,Guadeloupe
903,Daniel,Stuart,jacobharrison@example.org,893 Caitlin Garden Apt. 086,North Richardstad,Nebraska,Equatorial Guinea
904,David,Terry,williamlambert@example.org,323 Mitchell Springs,Lake Karen,Nevada,Latvia
905,Patricia,Nelson,christopher88@example.net,732 Emily River Apt. 954,Shannonside,West Virginia,Albania
906,Sandra,Patton,deborah59@example.net,7159 Zachary Valley,Danielleton,Connecticut,Saint Lucia
907,Christopher,Nelson,arnoldanne@example.net,11526 Rivera Grove Suite 939,Riverashire,Virginia,Guadeloupe
908,Christopher,Smith,ohicks@example.org,988 Romero Manor Apt. 256,East Philliptown,North Dakota,Uzbekistan
909,Brenda,Randall,williejames@example.net,43456 Anna Flats Suite 460,Lake Tammy,Wisconsin,Cyprus
910,Dwayne,Johnson,johnbrown@example.org,68142 Leah Estate,Sanfordside,Kentucky,Papua New Guinea
911,William,Hall,nsims@example.net,397 Brown Crescent Apt. 942,Port Brianshire,Nevada,United States Virgin Islands
912,Laura,Ramos,michaelmendoza@example.com,204 Hall Street Apt. 249,Schroedertown,Utah,British Virgin Islands
913,Ashley,Pena,nicolas94@example.org,137 Castaneda Cliffs,Stewartport,Kentucky,Maldives
914,David,Duffy,wnorton@example.net,55747 Rogers Prairie Apt. 308,Porterland,Vermont,Saint Vincent and the Grenadines
915,Cassidy,Carter,steven87@example.com,516 Corey Gardens Apt. 904,New Richard,Maryland,French Guiana
916,Joseph,Gross,bjackson@example.org,3347 Meadows Mount,Lake Aaronburgh,Washington,Netherlands
917,Daniel,Mitchell,andrewjohnson@example.com,731 Julie Springs Suite 053,Lake Matthew,Minnesota,Oman
918,Rachel,Alexander,houstonchristopher@example.net,325 Hamilton Coves,Ericaberg,New Mexico,Faroe Islands
919,Logan,Pugh,hlopez@example.net,836 Jessica Via Suite 692,Palmerchester,Virginia,Philippines
920,Jason,Rodriguez,wbell@example.net,83813 Cooley Court Suite 043,North Kimberlytown,Washington,Saint Martin
921,Michael,Hernandez,amanda61@example.org,16916 Dwayne Parks,Fergusonside,Florida,Mauritius
922,Jeanette,Frederick,armstrongemily@example.net,440 Joseph Green Suite 126,Lawrenceside,Ohio,Nicaragua
923,Johnny,Hicks,thomashale@example.com,1992 Emma Harbor Suite 065,Johnmouth,Nebraska,Bahrain
924,Emily,Fritz,yjohnson@example.net,83705 Pamela Summit,Port Jasonport,Florida,Iceland
925,Bill,Thomas,patricia17@example.com,668 Edward Ford Apt. 878,Deannaburgh,West Virginia,Saint Helena
926,Jason,Moore,ebony71@example.org,4300 Thomas Stravenue,Lake Jasonshire,Delaware,Tokelau
927,Erin,Dillon,jessica08@example.com,4707 Austin Stravenue,New Lisa,Alabama,Marshall Islands
928,Amber,Sanchez,twalker@example.org,149 Watkins Creek Apt. 444,North Andrewberg,Delaware,Brazil
929,Lori,Berry,lsanders@example.org,1101 Cruz Road Suite 083,Stephanieshire,Hawaii,Mauritania
930,Diana,Anderson,shirleywilliams@example.org,97406 Murray Glen,Vincenthaven,Georgia,Iran
931,Lisa,Allen,shawnhicks@example.net,059 Reynolds Isle Apt. 518,Myersfort,New Jersey,Northern Mariana Islands
932,Brian,Adams,edecker@example.org,9950 Guzman Inlet,New Carl,Kentucky,Cayman Islands
933,Willie,Johnson,joel88@example.com,886 Burns Bypass Suite 112,North Mary,Wyoming,Korea
934,Joshua,Arnold,danarosales@example.net,459 Williams Ramp,Davidton,Virginia,Eritrea
935,Raymond,Lindsey,amandarobles@example.org,29338 Brittany Rue Apt. 145,Vanceside,Alabama,Sri Lanka
936,Steven,Cole,ggay@example.com,3156 Jonathan Estate,Port Wendytown,Pennsylvania,Ghana
937,William,Orozco,jimmy84@example.net,08904 Martin Summit Apt. 018,New Tiffanystad,Montana,Marshall Islands
938,Johnny,Martinez,brianhogan@example.org,857 Joseph Knoll Suite 560,West Tanya,Wyoming,Saint Pierre and Miquelon
939,Nicole,Vasquez,stacey47@example.net,9398 Johnson Mills Suite 424,South Stephenburgh,South Carolina,American Samoa
940,Guy,Salinas,johnsonholly@example.org,178 Ronald Underpass,New Davidchester,New Hampshire,Moldova
941,Diane,Richardson,jonathanallen@example.net,313 Jennifer Locks Suite 021,Jacobsborough,Kansas,Madagascar
942,Dale,Owens,rmontes@example.net,9625 Derek Island,East Rebecca,Delaware,United States Minor Outlying Islands
943,Cameron,Flores,bankstonya@example.org,243 Lester Fall,North Laura,Oregon,Suriname
944,Diana,Thornton,phillip77@example.org,497 Lee Green Apt. 085,Angelicaborough,Ohio,Lithuania
945,Heather,Decker,dwaynerodriguez@example.com,46154 Chan Glen Suite 628,New Andrewton,Utah,Saint Barthelemy
946,Kathy,Coleman,angela98@example.com,207 Arnold Trail Apt. 183,South Kimberly,Kentucky,France
947,Emily,Davis,adam46@example.net,928 Mooney Turnpike Suite 062,New Alexis,Colorado,Andorra
948,Jessica,Ross,clarkdouglas@example.net,82259 Judith Expressway,Kevinburgh,Wisconsin,Malawi
949,John,Roberts,charles92@example.org,35245 Garcia Court,Davidborough,South Dakota,Jamaica
950,Marc,Jenkins,zroman@example.net,075 Nguyen Street Apt. 216,Rangelborough,Iowa,Qatar
951,Jessica,Flores,rachellang@example.com,15140 White Rapid,East Cole,California,Jersey
952,Matthew,Burton,brookscynthia@example.org,794 Jenkins Curve,Lake William,Kansas,Trinidad and Tobago
953,Linda,Lewis,schmidtrodney@example.org,4701 Lawson Valley,North Kimberlyburgh,Wisconsin,Malaysia
954,Stacy,Adams,beverlymendoza@example.net,67555 Simmons Burg Suite 881,West Beth,Wisconsin,Botswana
955,Charles,Alexander,joshuacarlson@example.org,90084 Stanley Trail,Meganland,Nebraska,Zambia
956,Meredith,Chan,martinezjonathan@example.com,91151 Rebecca Stravenue,South Tracy,South Carolina,Papua New Guinea
957,Nancy,Morrow,angelavaldez@example.org,8690 Johnson Fields,Martinezstad,Utah,Egypt
958,James,Lewis,sshannon@example.net,23453 Cooper Field,North Staceyborough,Iowa,Argentina
959,Ashley,Thompson,mmaynard@example.net,51311 Christine Springs Apt. 061,Williamtown,Maine,Svalbard & Jan Mayen Islands
960,Lisa,Hawkins,amiranda@example.com,11046 Ann Views,New Erin,Montana,Iran
961,Dylan,Coleman,sheilamartinez@example.net,601 Michele Crossing Apt. 710,Saraburgh,Arizona,Vietnam
962,Joel,Castillo,paul61@example.com,4722 Scott Estates,New James,Wyoming,Panama
963,Michael,Gallegos,spencejames@example.com,715 Michael Harbors Apt. 858,Mackville,Rhode Island,Liechtenstein
964,Edward,Smith,jessica19@example.com,8341 Cobb Camp,Lake William,Nevada,Sweden
965,Kelly,Fernandez,uprice@example.net,254 Phillips Inlet,Lake Ginaburgh,New York,Sudan
966,Brett,Lee,pkelly@example.com,749 Byrd Inlet Suite 190,Port Paul,Alabama,Egypt
967,Christopher,Allen,loriroberts@example.net,4786 Hernandez Fork,Leeport,North Dakota,Seychelles
968,Christina,Klein,brianortiz@example.com,299 Anna Underpass,Bradleyshire,New Hampshire,Morocco
969,Tammy,Ferguson,douglas76@example.org,444 Justin Field Apt. 942,Adamburgh,Alaska,Afghanistan
970,Christina,Gordon,edwarddavis@example.com,94791 Michael Roads,Brownton,Rhode Island,Senegal
971,Christian,Shaw,carlos72@example.net,2228 Malone Crossroad Suite 007,New Grace,Indiana,Wallis and Futuna
972,Amber,Harding,amberhughes@example.net,258 Patricia Divide Apt. 772,West Christopher,Vermont,Guinea
973,Terri,Krause,qglenn@example.org,2507 Mercedes Parkways Suite 166,Kimberlychester,Indiana,Guinea
974,Matthew,Williams,youngheather@example.net,4050 Timothy Squares Apt. 182,Hannahmouth,Louisiana,Timor-Leste
975,Sally,Schneider,jasonjohnson@example.net,1786 Laurie Gardens Apt. 374,South Troymouth,Nebraska,Somalia
976,Marco,Lee,sarajohnson@example.net,114 Baker Lodge,Sancheztown,Montana,Peru
977,Lindsey,Maldonado,peter46@example.net,17713 Gregory Valleys,New Albertland,California,Angola
978,Nancy,Price,michelle87@example.org,14845 Shelly Key,North Jerry,Missouri,United States Virgin Islands
979,Erik,Kim,fwood@example.com,82447 Robert View Suite 506,Westhaven,New York,Syrian Arab Republic
980,Donna,Marshall,anthony52@example.net,9211 Kenneth Loaf Suite 390,East Michelefort,Michigan,Timor-Leste
981,Jason,Graham,cody84@example.net,88896 James Shoal,Robertsshire,New Hampshire,Jersey
982,Michelle,Greer,garciarichard@example.com,58251 Stanley Islands,West Danielle,Nebraska,French Southern Territories
983,Brett,Rogers,susanjordan@example.org,03516 Aguilar Mountains Apt. 506,Alexanderstad,Nevada,Mayotte
984,Sharon,Anderson,josemorgan@example.net,385 Michelle Springs,Morrisport,Virginia,Vietnam
985,Jay,Cardenas,brettjohnson@example.net,19952 Brenda Flats Apt. 181,Danielhaven,Tennessee,France
986,Denise,Robinson,turnercameron@example.org,4017 Brown Station,Martinshire,Nevada,Cambodia
987,Anita,Hall,idavis@example.net,924 Adrienne Isle,Anthonymouth,Vermont,Luxembourg
988,Christopher,Greene,smithchristopher@example.org,57788 Clark Place,Michaelstad,Minnesota,Maldives
989,Mark,Johnson,ryan33@example.org,6376 Sarah Plaza,Pamelaborough,Rhode Island,Nauru
990,David,Tran,marissa08@example.org,960 Barber Springs,Mitchellville,Connecticut,Guyana
991,Kevin,Smith,starkdebra@example.net,7977 Gentry Spurs,East Thomas,Montana,Belgium
992,Donald,Ross,williamsjeremy@example.org,093 Ruiz Spurs,Robertview,Missouri,Cambodia
993,Gloria,Smith,scottellen@example.org,09514 Matthews Landing Suite 162,Nelsonview,Hawaii,Zimbabwe
994,Joshua,Rodgers,martha37@example.net,56877 Keller Cliffs,North Angela,New Hampshire,Liberia
995,Christopher,Taylor,westbrandon@example.com,6087 Green Loop Apt. 530,Campbellport,New Mexico,Morocco
996,Alyssa,Love,sarah27@example.net,6355 Margaret Flats,East Brandon,Indiana,Bolivia
997,Emily,Arias,anna63@example.com,79738 Palmer Fords,New Joseph,Virginia,Peru
998,Jose,Pitts,zruiz@example.net,73901 Caleb Pine Suite 693,New Crystal,Nevada,Honduras
999,Jacob,Chang,smithpamela@example.com,0607 Jason Trail,Lake Karl,New Hampshire,Norway
